{
  "model": "Qwen/Qwen3-4B",
  "schedule": "summed",
  "batching": "item",
  "micro_batch": 1,
  "grad_accum": 8,
  "hidden_loss": "nmse",
  "conn_window": 0,
  "readout_window_blocks": 0,
  "load_seconds": 47.82218086346984,
  "steps": [
    {
      "step": 0,
      "items": 1,
      "tokens": 189,
      "max_seq": 189,
      "pad_tokens": 0,
      "seconds": 0.27562544867396355,
      "items_per_second": 3.6281120078389306,
      "tokens_per_second": 685.7131694815579
    },
    {
      "step": 1,
      "items": 1,
      "tokens": 199,
      "max_seq": 199,
      "pad_tokens": 0,
      "seconds": 0.17087040096521378,
      "items_per_second": 5.852388677917262,
      "tokens_per_second": 1164.6253469055353
    },
    {
      "step": 2,
      "items": 1,
      "tokens": 199,
      "max_seq": 199,
      "pad_tokens": 0,
      "seconds": 0.17261823639273643,
      "items_per_second": 5.7931306731973935,
      "tokens_per_second": 1152.8330039662812
    },
    {
      "step": 3,
      "items": 1,
      "tokens": 166,
      "max_seq": 166,
      "pad_tokens": 0,
      "seconds": 0.16840509697794914,
      "items_per_second": 5.938062552411578,
      "tokens_per_second": 985.718383700322
    }
  ],
  "vram_reserved_gb": 8.279,
  "vram_allocated_gb": 8.143
}
