{
  "model": "Qwen/Qwen3-8B",
  "schedule": "summed",
  "batching": "padded",
  "micro_batch": 4,
  "grad_accum": 8,
  "hidden_loss": "nmse",
  "conn_window": 0,
  "readout_window_blocks": 0,
  "load_seconds": 6.2944320775568485,
  "steps": [
    {
      "step": 0,
      "items": 4,
      "tokens": 801,
      "max_seq": 206,
      "pad_tokens": 23,
      "seconds": 0.4515068791806698,
      "items_per_second": 8.85922271496423,
      "tokens_per_second": 1774.059348671587
    },
    {
      "step": 1,
      "items": 4,
      "tokens": 790,
      "max_seq": 201,
      "pad_tokens": 14,
      "seconds": 0.36986785009503365,
      "items_per_second": 10.814673400167768,
      "tokens_per_second": 2135.897996533134
    },
    {
      "step": 2,
      "items": 4,
      "tokens": 808,
      "max_seq": 208,
      "pad_tokens": 24,
      "seconds": 0.3759550601243973,
      "items_per_second": 10.639569523752298,
      "tokens_per_second": 2149.193043797964
    }
  ],
  "vram_reserved_gb": 16.578,
  "vram_allocated_gb": 16.351
}
