source_line	algorithm_step_and_pseudocode_line
1	Algorithm A01 / step A01.01 / pseudocode line 41
2	Algorithm A01 / step A01.01 / pseudocode line 41
3	Algorithm A01 / step A01.01 / pseudocode line 41
4	Algorithm A01 / step A01.01 / pseudocode line 41
5	Algorithm A01 / step A01.01 / pseudocode line 41
6	Algorithm A01 / step A01.01 / pseudocode line 41
7	Algorithm A01 / step A01.01 / pseudocode line 41
8	Algorithm A01 / step A01.01 / pseudocode line 41
9	Algorithm A01 / step A01.01 / pseudocode line 41
10	Algorithm A01 / step A01.01 / pseudocode line 41
11	Algorithm A01 / step A01.01 / pseudocode line 41
12	Algorithm A01 / step A01.01 / pseudocode line 41
13	Algorithm A01 / step A01.02 / pseudocode line 42
14	Algorithm A01 / step A01.02 / pseudocode line 42
15	Algorithm A01 / step A01.02 / pseudocode line 42
16	Algorithm A01 / step A01.02 / pseudocode line 42
17	Algorithm A01 / step A01.02 / pseudocode line 42
18	Algorithm A01 / step A01.02 / pseudocode line 42
19	Algorithm A01 / step A01.03 / pseudocode line 43
20	Algorithm A01 / step A01.03 / pseudocode line 43
21	Algorithm A01 / step A01.03 / pseudocode line 43
22	Algorithm A01 / step A01.03 / pseudocode line 43
23	Algorithm A01 / step A01.03 / pseudocode line 43
24	Algorithm A01 / step A01.04 / pseudocode line 44
25	Algorithm A01 / step A01.04 / pseudocode line 44
26	Algorithm A01 / step A01.04 / pseudocode line 44
27	Algorithm A01 / step A01.04 / pseudocode line 44
28	Algorithm A01 / step A01.04 / pseudocode line 44
29	Algorithm A01 / step A01.04 / pseudocode line 44
30	Algorithm A01 / step A01.04 / pseudocode line 44
31	Algorithm A01 / step A01.04 / pseudocode line 44
32	Algorithm A01 / step A01.05 / pseudocode line 45
33	Algorithm A01 / step A01.05 / pseudocode line 45
34	Algorithm A01 / step A01.05 / pseudocode line 45
35	Algorithm A01 / step A01.05 / pseudocode line 45
36	Algorithm A01 / step A01.05 / pseudocode line 45
37	Algorithm A01 / step A01.05 / pseudocode line 45
38	Algorithm A01 / step A01.05 / pseudocode line 45
39	Algorithm A01 / step A01.05 / pseudocode line 45
40	Algorithm A01 / step A01.05 / pseudocode line 45
41	Algorithm A01 / step A01.05 / pseudocode line 45
42	Algorithm A01 / step A01.05 / pseudocode line 45
43	Algorithm A01 / step A01.05 / pseudocode line 45
44	Algorithm A01 / step A01.05 / pseudocode line 45
45	Algorithm A01 / step A01.05 / pseudocode line 45
46	Algorithm A01 / step A01.05 / pseudocode line 45
47	Algorithm A01 / step A01.05 / pseudocode line 45
48	Algorithm A01 / step A01.05 / pseudocode line 45
49	Algorithm A01 / step A01.05 / pseudocode line 45
50	Algorithm A01 / step A01.06 / pseudocode line 46
51	Algorithm A01 / step A01.06 / pseudocode line 46
52	Algorithm A01 / step A01.06 / pseudocode line 46
53	Algorithm A01 / step A01.06 / pseudocode line 46
54	Algorithm A01 / step A01.06 / pseudocode line 46
55	Algorithm A01 / step A01.06 / pseudocode line 46
56	Algorithm A01 / step A01.06 / pseudocode line 46
57	Algorithm A01 / step A01.06 / pseudocode line 46
58	Algorithm A01 / step A01.06 / pseudocode line 46
59	Algorithm A01 / step A01.06 / pseudocode line 46
60	Algorithm A01 / step A01.06 / pseudocode line 46
61	Algorithm A01 / step A01.06 / pseudocode line 46
62	Algorithm A01 / step A01.06 / pseudocode line 46
63	Algorithm A01 / step A01.06 / pseudocode line 46
64	Algorithm A01 / step A01.07 / pseudocode line 47
65	Algorithm A01 / step A01.07 / pseudocode line 47
66	Algorithm A01 / step A01.07 / pseudocode line 47
67	Algorithm A01 / step A01.07 / pseudocode line 47
68	Algorithm A01 / step A01.07 / pseudocode line 47
69	Algorithm A01 / step A01.07 / pseudocode line 47
70	Algorithm A01 / step A01.07 / pseudocode line 47
71	Algorithm A01 / step A01.07 / pseudocode line 47
72	Algorithm A01 / step A01.07 / pseudocode line 47
73	Algorithm A01 / step A01.07 / pseudocode line 47
74	Algorithm A01 / step A01.07 / pseudocode line 47
75	Algorithm A01 / step A01.07 / pseudocode line 47
76	Algorithm A01 / step A01.07 / pseudocode line 47
77	Algorithm A01 / step A01.07 / pseudocode line 47
78	Algorithm A01 / step A01.07 / pseudocode line 47
79	Algorithm A01 / step A01.07 / pseudocode line 47
80	Algorithm A01 / step A01.07 / pseudocode line 47
81	Algorithm A01 / step A01.07 / pseudocode line 47
82	Algorithm A01 / step A01.07 / pseudocode line 47
83	Algorithm A01 / step A01.07 / pseudocode line 47
84	Algorithm A01 / step A01.07 / pseudocode line 47
85	Algorithm A01 / step A01.07 / pseudocode line 47
86	Algorithm A01 / step A01.07 / pseudocode line 47
87	Algorithm A01 / step A01.07 / pseudocode line 47
88	Algorithm A01 / step A01.07 / pseudocode line 47
89	Algorithm A01 / step A01.07 / pseudocode line 47
90	Algorithm A01 / step A01.08 / pseudocode line 48
91	Algorithm A01 / step A01.08 / pseudocode line 48
92	Algorithm A01 / step A01.08 / pseudocode line 48
93	Algorithm A01 / step A01.08 / pseudocode line 48
94	Algorithm A01 / step A01.08 / pseudocode line 48
95	Algorithm A01 / step A01.08 / pseudocode line 48
96	Algorithm A01 / step A01.08 / pseudocode line 48
97	Algorithm A01 / step A01.08 / pseudocode line 48
98	Algorithm A01 / step A01.08 / pseudocode line 48
99	Algorithm A01 / step A01.08 / pseudocode line 48
100	Algorithm A01 / step A01.08 / pseudocode line 48
101	Algorithm A01 / step A01.08 / pseudocode line 48
102	Algorithm A01 / step A01.08 / pseudocode line 48
103	Algorithm A01 / step A01.08 / pseudocode line 48
104	Algorithm A01 / step A01.08 / pseudocode line 48
105	Algorithm A01 / step A01.08 / pseudocode line 48
106	Algorithm A01 / step A01.08 / pseudocode line 48
107	Algorithm A01 / step A01.08 / pseudocode line 48
108	Algorithm A01 / step A01.08 / pseudocode line 48
109	Algorithm A01 / step A01.08 / pseudocode line 48
110	Algorithm A02 / step A02.01 / pseudocode line 56
111	Algorithm A02 / step A02.01 / pseudocode line 56
112	Algorithm A02 / step A02.01 / pseudocode line 56
113	Algorithm A02 / step A02.01 / pseudocode line 56
114	Algorithm A02 / step A02.01 / pseudocode line 56
115	Algorithm A02 / step A02.01 / pseudocode line 56
116	Algorithm A02 / step A02.01 / pseudocode line 56
117	Algorithm A02 / step A02.02 / pseudocode line 57
118	Algorithm A02 / step A02.02 / pseudocode line 57
119	Algorithm A02 / step A02.02 / pseudocode line 57
120	Algorithm A02 / step A02.02 / pseudocode line 57
121	Algorithm A02 / step A02.02 / pseudocode line 57
122	Algorithm A02 / step A02.03 / pseudocode line 58
123	Algorithm A02 / step A02.03 / pseudocode line 58
124	Algorithm A02 / step A02.03 / pseudocode line 58
125	Algorithm A02 / step A02.03 / pseudocode line 58
126	Algorithm A02 / step A02.03 / pseudocode line 58
127	Algorithm A02 / step A02.04 / pseudocode line 59
128	Algorithm A02 / step A02.04 / pseudocode line 59
129	Algorithm A02 / step A02.04 / pseudocode line 59
130	Algorithm A02 / step A02.04 / pseudocode line 59
131	Algorithm A02 / step A02.04 / pseudocode line 59
132	Algorithm A02 / step A02.04 / pseudocode line 59
133	Algorithm A02 / step A02.04 / pseudocode line 59
134	Algorithm A02 / step A02.04 / pseudocode line 59
135	Algorithm A02 / step A02.04 / pseudocode line 59
136	Algorithm A02 / step A02.04 / pseudocode line 59
137	Algorithm A02 / step A02.05 / pseudocode line 60
138	Algorithm A02 / step A02.05 / pseudocode line 60
139	Algorithm A02 / step A02.05 / pseudocode line 60
140	Algorithm A02 / step A02.05 / pseudocode line 60
141	Algorithm A02 / step A02.05 / pseudocode line 60
142	Algorithm A02 / step A02.05 / pseudocode line 60
143	Algorithm A02 / step A02.05 / pseudocode line 60
144	Algorithm A02 / step A02.05 / pseudocode line 60
145	Algorithm A02 / step A02.05 / pseudocode line 60
146	Algorithm A02 / step A02.05 / pseudocode line 60
147	Algorithm A02 / step A02.06 / pseudocode line 61
148	Algorithm A02 / step A02.06 / pseudocode line 61
149	Algorithm A02 / step A02.06 / pseudocode line 61
150	Algorithm A02 / step A02.06 / pseudocode line 61
151	Algorithm A02 / step A02.06 / pseudocode line 61
152	Algorithm A02 / step A02.06 / pseudocode line 61
153	Algorithm A02 / step A02.06 / pseudocode line 61
154	Algorithm A02 / step A02.06 / pseudocode line 61
155	Algorithm A02 / step A02.06 / pseudocode line 61
156	Algorithm A02 / step A02.06 / pseudocode line 61
157	Algorithm A02 / step A02.06 / pseudocode line 61
158	Algorithm A02 / step A02.06 / pseudocode line 61
159	Algorithm A02 / step A02.06 / pseudocode line 61
160	Algorithm A02 / step A02.07 / pseudocode line 62
161	Algorithm A02 / step A02.07 / pseudocode line 62
162	Algorithm A02 / step A02.07 / pseudocode line 62
163	Algorithm A02 / step A02.07 / pseudocode line 62
164	Algorithm A02 / step A02.07 / pseudocode line 62
165	Algorithm A02 / step A02.07 / pseudocode line 62
166	Algorithm A02 / step A02.07 / pseudocode line 62
167	Algorithm A02 / step A02.07 / pseudocode line 62
168	Algorithm A02 / step A02.07 / pseudocode line 62
169	Algorithm A02 / step A02.07 / pseudocode line 62
170	Algorithm A02 / step A02.07 / pseudocode line 62
171	Algorithm A03 / step A03.01 / pseudocode line 70
172	Algorithm A03 / step A03.01 / pseudocode line 70
173	Algorithm A03 / step A03.01 / pseudocode line 70
174	Algorithm A03 / step A03.01 / pseudocode line 70
175	Algorithm A03 / step A03.01 / pseudocode line 70
176	Algorithm A03 / step A03.02 / pseudocode line 71
177	Algorithm A03 / step A03.02 / pseudocode line 71
178	Algorithm A03 / step A03.02 / pseudocode line 71
179	Algorithm A03 / step A03.02 / pseudocode line 71
180	Algorithm A03 / step A03.02 / pseudocode line 71
181	Algorithm A03 / step A03.02 / pseudocode line 71
182	Algorithm A03 / step A03.02 / pseudocode line 71
183	Algorithm A03 / step A03.02 / pseudocode line 71
184	Algorithm A03 / step A03.02 / pseudocode line 71
185	Algorithm A03 / step A03.02 / pseudocode line 71
186	Algorithm A03 / step A03.02 / pseudocode line 71
187	Algorithm A03 / step A03.03 / pseudocode line 72
188	Algorithm A03 / step A03.03 / pseudocode line 72
189	Algorithm A03 / step A03.03 / pseudocode line 72
190	Algorithm A03 / step A03.03 / pseudocode line 72
191	Algorithm A03 / step A03.03 / pseudocode line 72
192	Algorithm A03 / step A03.03 / pseudocode line 72
193	Algorithm A03 / step A03.03 / pseudocode line 72
194	Algorithm A03 / step A03.03 / pseudocode line 72
195	Algorithm A03 / step A03.03 / pseudocode line 72
196	Algorithm A03 / step A03.04 / pseudocode line 73
197	Algorithm A03 / step A03.04 / pseudocode line 73
198	Algorithm A03 / step A03.04 / pseudocode line 73
199	Algorithm A03 / step A03.04 / pseudocode line 73
200	Algorithm A03 / step A03.04 / pseudocode line 73
201	Algorithm A03 / step A03.04 / pseudocode line 73
202	Algorithm A03 / step A03.04 / pseudocode line 73
203	Algorithm A03 / step A03.04 / pseudocode line 73
204	Algorithm A03 / step A03.04 / pseudocode line 73
205	Algorithm A03 / step A03.04 / pseudocode line 73
206	Algorithm A03 / step A03.04 / pseudocode line 73
207	Algorithm A03 / step A03.04 / pseudocode line 73
208	Algorithm A03 / step A03.04 / pseudocode line 73
209	Algorithm A03 / step A03.04 / pseudocode line 73
210	Algorithm A03 / step A03.05 / pseudocode line 74
211	Algorithm A03 / step A03.05 / pseudocode line 74
212	Algorithm A03 / step A03.05 / pseudocode line 74
213	Algorithm A03 / step A03.05 / pseudocode line 74
214	Algorithm A03 / step A03.05 / pseudocode line 74
215	Algorithm A03 / step A03.05 / pseudocode line 74
216	Algorithm A03 / step A03.05 / pseudocode line 74
217	Algorithm A03 / step A03.05 / pseudocode line 74
218	Algorithm A03 / step A03.05 / pseudocode line 74
219	Algorithm A03 / step A03.05 / pseudocode line 74
220	Algorithm A03 / step A03.05 / pseudocode line 74
221	Algorithm A03 / step A03.05 / pseudocode line 74
222	Algorithm A03 / step A03.05 / pseudocode line 74
223	Algorithm A03 / step A03.06 / pseudocode line 75
224	Algorithm A03 / step A03.06 / pseudocode line 75
225	Algorithm A03 / step A03.06 / pseudocode line 75
226	Algorithm A03 / step A03.06 / pseudocode line 75
227	Algorithm A03 / step A03.06 / pseudocode line 75
228	Algorithm A03 / step A03.06 / pseudocode line 75
229	Algorithm A03 / step A03.06 / pseudocode line 75
230	Algorithm A03 / step A03.06 / pseudocode line 75
231	Algorithm A03 / step A03.06 / pseudocode line 75
232	Algorithm A03 / step A03.06 / pseudocode line 75
233	Algorithm A03 / step A03.06 / pseudocode line 75
234	Algorithm A03 / step A03.07 / pseudocode line 76
235	Algorithm A03 / step A03.07 / pseudocode line 76
236	Algorithm A03 / step A03.07 / pseudocode line 76
237	Algorithm A03 / step A03.07 / pseudocode line 76
238	Algorithm A03 / step A03.07 / pseudocode line 76
239	Algorithm A03 / step A03.08 / pseudocode line 77
240	Algorithm A03 / step A03.08 / pseudocode line 77
241	Algorithm A03 / step A03.08 / pseudocode line 77
242	Algorithm A03 / step A03.08 / pseudocode line 77
243	Algorithm A03 / step A03.08 / pseudocode line 77
244	Algorithm A03 / step A03.08 / pseudocode line 77
245	Algorithm A03 / step A03.08 / pseudocode line 77
246	Algorithm A03 / step A03.08 / pseudocode line 77
247	Algorithm A03 / step A03.08 / pseudocode line 77
248	Algorithm A03 / step A03.08 / pseudocode line 77
249	Algorithm A03 / step A03.08 / pseudocode line 77
250	Algorithm A03 / step A03.08 / pseudocode line 77
251	Algorithm A03 / step A03.08 / pseudocode line 77
252	Algorithm A03 / step A03.08 / pseudocode line 77
253	Algorithm A03 / step A03.08 / pseudocode line 77
254	Algorithm A03 / step A03.08 / pseudocode line 77
255	Algorithm A03 / step A03.08 / pseudocode line 77
256	Algorithm A03 / step A03.08 / pseudocode line 77
257	Algorithm A03 / step A03.09 / pseudocode line 78
258	Algorithm A03 / step A03.09 / pseudocode line 78
259	Algorithm A03 / step A03.09 / pseudocode line 78
260	Algorithm A03 / step A03.09 / pseudocode line 78
261	Algorithm A03 / step A03.09 / pseudocode line 78
262	Algorithm A03 / step A03.09 / pseudocode line 78
263	Algorithm A03 / step A03.09 / pseudocode line 78
264	Algorithm A03 / step A03.09 / pseudocode line 78
265	Algorithm A03 / step A03.09 / pseudocode line 78
266	Algorithm A03 / step A03.09 / pseudocode line 78
267	Algorithm A03 / step A03.09 / pseudocode line 78
268	Algorithm A03 / step A03.10 / pseudocode line 79
269	Algorithm A03 / step A03.10 / pseudocode line 79
270	Algorithm A03 / step A03.10 / pseudocode line 79
271	Algorithm A03 / step A03.10 / pseudocode line 79
272	Algorithm A03 / step A03.10 / pseudocode line 79
273	Algorithm A03 / step A03.11 / pseudocode line 80
274	Algorithm A03 / step A03.11 / pseudocode line 80
275	Algorithm A03 / step A03.11 / pseudocode line 80
276	Algorithm A03 / step A03.11 / pseudocode line 80
277	Algorithm A03 / step A03.11 / pseudocode line 80
278	Algorithm A03 / step A03.11 / pseudocode line 80
279	Algorithm A03 / step A03.11 / pseudocode line 80
280	Algorithm A03 / step A03.11 / pseudocode line 80
281	Algorithm A03 / step A03.11 / pseudocode line 80
282	Algorithm A03 / step A03.11 / pseudocode line 80
283	Algorithm A03 / step A03.11 / pseudocode line 80
284	Algorithm A03 / step A03.11 / pseudocode line 80
285	Algorithm A03 / step A03.11 / pseudocode line 80
286	Algorithm A03 / step A03.11 / pseudocode line 80
287	Algorithm A03 / step A03.11 / pseudocode line 80
288	Algorithm A03 / step A03.12 / pseudocode line 81
289	Algorithm A03 / step A03.12 / pseudocode line 81
290	Algorithm A03 / step A03.12 / pseudocode line 81
291	Algorithm A03 / step A03.12 / pseudocode line 81
292	Algorithm A03 / step A03.12 / pseudocode line 81
293	Algorithm A03 / step A03.12 / pseudocode line 81
294	Algorithm A03 / step A03.12 / pseudocode line 81
295	Algorithm A03 / step A03.12 / pseudocode line 81
296	Algorithm A03 / step A03.12 / pseudocode line 81
297	Algorithm A03 / step A03.12 / pseudocode line 81
298	Algorithm A03 / step A03.12 / pseudocode line 81
299	Algorithm A03 / step A03.12 / pseudocode line 81
300	Algorithm A03 / step A03.12 / pseudocode line 81
301	Algorithm A03 / step A03.12 / pseudocode line 81
302	Algorithm A03 / step A03.12 / pseudocode line 81
303	Algorithm A04 / step A04.01 / pseudocode line 89
304	Algorithm A04 / step A04.01 / pseudocode line 89
305	Algorithm A04 / step A04.01 / pseudocode line 89
306	Algorithm A04 / step A04.01 / pseudocode line 89
307	Algorithm A04 / step A04.01 / pseudocode line 89
308	Algorithm A04 / step A04.01 / pseudocode line 89
309	Algorithm A04 / step A04.01 / pseudocode line 89
310	Algorithm A04 / step A04.01 / pseudocode line 89
311	Algorithm A04 / step A04.01 / pseudocode line 89
312	Algorithm A04 / step A04.01 / pseudocode line 89
313	Algorithm A04 / step A04.02 / pseudocode line 90
314	Algorithm A04 / step A04.02 / pseudocode line 90
315	Algorithm A04 / step A04.02 / pseudocode line 90
316	Algorithm A04 / step A04.02 / pseudocode line 90
317	Algorithm A04 / step A04.02 / pseudocode line 90
318	Algorithm A04 / step A04.02 / pseudocode line 90
319	Algorithm A04 / step A04.02 / pseudocode line 90
320	Algorithm A04 / step A04.02 / pseudocode line 90
321	Algorithm A04 / step A04.02 / pseudocode line 90
322	Algorithm A04 / step A04.02 / pseudocode line 90
323	Algorithm A04 / step A04.02 / pseudocode line 90
324	Algorithm A04 / step A04.03 / pseudocode line 91
325	Algorithm A04 / step A04.03 / pseudocode line 91
326	Algorithm A04 / step A04.03 / pseudocode line 91
327	Algorithm A04 / step A04.03 / pseudocode line 91
328	Algorithm A04 / step A04.03 / pseudocode line 91
329	Algorithm A04 / step A04.03 / pseudocode line 91
330	Algorithm A04 / step A04.03 / pseudocode line 91
331	Algorithm A04 / step A04.03 / pseudocode line 91
332	Algorithm A04 / step A04.03 / pseudocode line 91
333	Algorithm A04 / step A04.04 / pseudocode line 92
334	Algorithm A04 / step A04.04 / pseudocode line 92
335	Algorithm A04 / step A04.04 / pseudocode line 92
336	Algorithm A04 / step A04.04 / pseudocode line 92
337	Algorithm A04 / step A04.04 / pseudocode line 92
338	Algorithm A04 / step A04.04 / pseudocode line 92
339	Algorithm A04 / step A04.04 / pseudocode line 92
340	Algorithm A04 / step A04.04 / pseudocode line 92
341	Algorithm A04 / step A04.04 / pseudocode line 92
342	Algorithm A04 / step A04.04 / pseudocode line 92
343	Algorithm A04 / step A04.04 / pseudocode line 92
344	Algorithm A04 / step A04.04 / pseudocode line 92
345	Algorithm A04 / step A04.04 / pseudocode line 92
346	Algorithm A04 / step A04.04 / pseudocode line 92
347	Algorithm A04 / step A04.04 / pseudocode line 92
348	Algorithm A04 / step A04.05 / pseudocode line 93
349	Algorithm A04 / step A04.05 / pseudocode line 93
350	Algorithm A04 / step A04.05 / pseudocode line 93
351	Algorithm A04 / step A04.05 / pseudocode line 93
352	Algorithm A04 / step A04.05 / pseudocode line 93
353	Algorithm A04 / step A04.05 / pseudocode line 93
354	Algorithm A04 / step A04.05 / pseudocode line 93
355	Algorithm A04 / step A04.05 / pseudocode line 93
356	Algorithm A04 / step A04.05 / pseudocode line 93
357	Algorithm A04 / step A04.05 / pseudocode line 93
358	Algorithm A04 / step A04.05 / pseudocode line 93
359	Algorithm A04 / step A04.05 / pseudocode line 93
360	Algorithm A04 / step A04.05 / pseudocode line 93
361	Algorithm A04 / step A04.05 / pseudocode line 93
362	Algorithm A04 / step A04.05 / pseudocode line 93
363	Algorithm A04 / step A04.05 / pseudocode line 93
364	Algorithm A04 / step A04.05 / pseudocode line 93
365	Algorithm A04 / step A04.05 / pseudocode line 93
366	Algorithm A04 / step A04.05 / pseudocode line 93
367	Algorithm A04 / step A04.05 / pseudocode line 93
368	Algorithm A04 / step A04.05 / pseudocode line 93
369	Algorithm A04 / step A04.05 / pseudocode line 93
370	Algorithm A04 / step A04.05 / pseudocode line 93
371	Algorithm A04 / step A04.05 / pseudocode line 93
372	Algorithm A04 / step A04.05 / pseudocode line 93
373	Algorithm A04 / step A04.05 / pseudocode line 93
374	Algorithm A04 / step A04.05 / pseudocode line 93
375	Algorithm A04 / step A04.05 / pseudocode line 93
376	Algorithm A04 / step A04.05 / pseudocode line 93
377	Algorithm A04 / step A04.05 / pseudocode line 93
378	Algorithm A04 / step A04.05 / pseudocode line 93
379	Algorithm A04 / step A04.05 / pseudocode line 93
380	Algorithm A04 / step A04.05 / pseudocode line 93
381	Algorithm A04 / step A04.06 / pseudocode line 94
382	Algorithm A04 / step A04.06 / pseudocode line 94
383	Algorithm A04 / step A04.06 / pseudocode line 94
384	Algorithm A04 / step A04.06 / pseudocode line 94
385	Algorithm A04 / step A04.06 / pseudocode line 94
386	Algorithm A04 / step A04.06 / pseudocode line 94
387	Algorithm A04 / step A04.06 / pseudocode line 94
388	Algorithm A04 / step A04.06 / pseudocode line 94
389	Algorithm A04 / step A04.06 / pseudocode line 94
390	Algorithm A04 / step A04.06 / pseudocode line 94
391	Algorithm A04 / step A04.06 / pseudocode line 94
392	Algorithm A04 / step A04.06 / pseudocode line 94
393	Algorithm A04 / step A04.06 / pseudocode line 94
394	Algorithm A04 / step A04.06 / pseudocode line 94
395	Algorithm A04 / step A04.06 / pseudocode line 94
396	Algorithm A04 / step A04.06 / pseudocode line 94
397	Algorithm A04 / step A04.06 / pseudocode line 94
398	Algorithm A04 / step A04.06 / pseudocode line 94
399	Algorithm A04 / step A04.06 / pseudocode line 94
400	Algorithm A04 / step A04.06 / pseudocode line 94
401	Algorithm A04 / step A04.06 / pseudocode line 94
402	Algorithm A04 / step A04.06 / pseudocode line 94
403	Algorithm A04 / step A04.06 / pseudocode line 94
404	Algorithm A04 / step A04.06 / pseudocode line 94
405	Algorithm A04 / step A04.06 / pseudocode line 94
406	Algorithm A04 / step A04.06 / pseudocode line 94
407	Algorithm A04 / step A04.06 / pseudocode line 94
408	Algorithm A04 / step A04.06 / pseudocode line 94
409	Algorithm A04 / step A04.06 / pseudocode line 94
410	Algorithm A04 / step A04.06 / pseudocode line 94
411	Algorithm A04 / step A04.06 / pseudocode line 94
412	Algorithm A04 / step A04.06 / pseudocode line 94
413	Algorithm A04 / step A04.06 / pseudocode line 94
414	Algorithm A04 / step A04.06 / pseudocode line 94
415	Algorithm A04 / step A04.07 / pseudocode line 95
416	Algorithm A04 / step A04.07 / pseudocode line 95
417	Algorithm A04 / step A04.07 / pseudocode line 95
418	Algorithm A04 / step A04.07 / pseudocode line 95
419	Algorithm A04 / step A04.07 / pseudocode line 95
420	Algorithm A04 / step A04.07 / pseudocode line 95
421	Algorithm A04 / step A04.07 / pseudocode line 95
422	Algorithm A04 / step A04.07 / pseudocode line 95
423	Algorithm A04 / step A04.07 / pseudocode line 95
424	Algorithm A04 / step A04.07 / pseudocode line 95
425	Algorithm A04 / step A04.07 / pseudocode line 95
426	Algorithm A04 / step A04.08 / pseudocode line 96
427	Algorithm A04 / step A04.08 / pseudocode line 96
428	Algorithm A04 / step A04.08 / pseudocode line 96
429	Algorithm A04 / step A04.08 / pseudocode line 96
430	Algorithm A04 / step A04.08 / pseudocode line 96
431	Algorithm A04 / step A04.08 / pseudocode line 96
432	Algorithm A04 / step A04.08 / pseudocode line 96
433	Algorithm A04 / step A04.08 / pseudocode line 96
434	Algorithm A04 / step A04.08 / pseudocode line 96
435	Algorithm A04 / step A04.08 / pseudocode line 96
436	Algorithm A04 / step A04.08 / pseudocode line 96
437	Algorithm A04 / step A04.08 / pseudocode line 96
438	Algorithm A04 / step A04.08 / pseudocode line 96
439	Algorithm A04 / step A04.08 / pseudocode line 96
440	Algorithm A04 / step A04.08 / pseudocode line 96
441	Algorithm A04 / step A04.08 / pseudocode line 96
442	Algorithm A04 / step A04.08 / pseudocode line 96
443	Algorithm A04 / step A04.08 / pseudocode line 96
444	Algorithm A04 / step A04.08 / pseudocode line 96
445	Algorithm A04 / step A04.08 / pseudocode line 96
446	Algorithm A04 / step A04.08 / pseudocode line 96
447	Algorithm A04 / step A04.09 / pseudocode line 97
448	Algorithm A04 / step A04.09 / pseudocode line 97
449	Algorithm A04 / step A04.09 / pseudocode line 97
450	Algorithm A04 / step A04.09 / pseudocode line 97
451	Algorithm A04 / step A04.09 / pseudocode line 97
452	Algorithm A04 / step A04.09 / pseudocode line 97
453	Algorithm A04 / step A04.09 / pseudocode line 97
454	Algorithm A04 / step A04.09 / pseudocode line 97
455	Algorithm A04 / step A04.09 / pseudocode line 97
456	Algorithm A04 / step A04.09 / pseudocode line 97
457	Algorithm A04 / step A04.09 / pseudocode line 97
458	Algorithm A04 / step A04.09 / pseudocode line 97
459	Algorithm A04 / step A04.09 / pseudocode line 97
460	Algorithm A04 / step A04.09 / pseudocode line 97
461	Algorithm A04 / step A04.09 / pseudocode line 97
462	Algorithm A04 / step A04.09 / pseudocode line 97
463	Algorithm A04 / step A04.09 / pseudocode line 97
464	Algorithm A04 / step A04.09 / pseudocode line 97
465	Algorithm A04 / step A04.09 / pseudocode line 97
466	Algorithm A04 / step A04.09 / pseudocode line 97
467	Algorithm A04 / step A04.09 / pseudocode line 97
468	Algorithm A04 / step A04.09 / pseudocode line 97
469	Algorithm A04 / step A04.09 / pseudocode line 97
470	Algorithm A04 / step A04.09 / pseudocode line 97
471	Algorithm A04 / step A04.09 / pseudocode line 97
472	Algorithm A04 / step A04.09 / pseudocode line 97
473	Algorithm A04 / step A04.09 / pseudocode line 97
474	Algorithm A04 / step A04.09 / pseudocode line 97
475	Algorithm A04 / step A04.09 / pseudocode line 97
476	Algorithm A04 / step A04.09 / pseudocode line 97
477	Algorithm A04 / step A04.09 / pseudocode line 97
478	Algorithm A04 / step A04.09 / pseudocode line 97
479	Algorithm A04 / step A04.09 / pseudocode line 97
480	Algorithm A05 / step A05.01 / pseudocode line 105
481	Algorithm A05 / step A05.01 / pseudocode line 105
482	Algorithm A05 / step A05.01 / pseudocode line 105
483	Algorithm A05 / step A05.01 / pseudocode line 105
484	Algorithm A05 / step A05.01 / pseudocode line 105
485	Algorithm A05 / step A05.01 / pseudocode line 105
486	Algorithm A05 / step A05.01 / pseudocode line 105
487	Algorithm A05 / step A05.01 / pseudocode line 105
488	Algorithm A05 / step A05.01 / pseudocode line 105
489	Algorithm A05 / step A05.01 / pseudocode line 105
490	Algorithm A05 / step A05.01 / pseudocode line 105
491	Algorithm A05 / step A05.01 / pseudocode line 105
492	Algorithm A05 / step A05.02 / pseudocode line 106
493	Algorithm A05 / step A05.02 / pseudocode line 106
494	Algorithm A05 / step A05.02 / pseudocode line 106
495	Algorithm A05 / step A05.02 / pseudocode line 106
496	Algorithm A05 / step A05.02 / pseudocode line 106
497	Algorithm A05 / step A05.03 / pseudocode line 107
498	Algorithm A05 / step A05.03 / pseudocode line 107
499	Algorithm A05 / step A05.03 / pseudocode line 107
500	Algorithm A05 / step A05.03 / pseudocode line 107
501	Algorithm A05 / step A05.03 / pseudocode line 107
502	Algorithm A05 / step A05.03 / pseudocode line 107
503	Algorithm A05 / step A05.03 / pseudocode line 107
504	Algorithm A05 / step A05.03 / pseudocode line 107
505	Algorithm A05 / step A05.03 / pseudocode line 107
506	Algorithm A05 / step A05.03 / pseudocode line 107
507	Algorithm A05 / step A05.03 / pseudocode line 107
508	Algorithm A05 / step A05.03 / pseudocode line 107
509	Algorithm A05 / step A05.04 / pseudocode line 108
510	Algorithm A05 / step A05.04 / pseudocode line 108
511	Algorithm A05 / step A05.04 / pseudocode line 108
512	Algorithm A05 / step A05.04 / pseudocode line 108
513	Algorithm A05 / step A05.04 / pseudocode line 108
514	Algorithm A05 / step A05.04 / pseudocode line 108
515	Algorithm A05 / step A05.04 / pseudocode line 108
516	Algorithm A05 / step A05.04 / pseudocode line 108
517	Algorithm A05 / step A05.04 / pseudocode line 108
518	Algorithm A05 / step A05.04 / pseudocode line 108
519	Algorithm A05 / step A05.04 / pseudocode line 108
520	Algorithm A05 / step A05.04 / pseudocode line 108
521	Algorithm A05 / step A05.04 / pseudocode line 108
522	Algorithm A05 / step A05.04 / pseudocode line 108
523	Algorithm A05 / step A05.04 / pseudocode line 108
524	Algorithm A05 / step A05.04 / pseudocode line 108
525	Algorithm A05 / step A05.05 / pseudocode line 109
526	Algorithm A05 / step A05.05 / pseudocode line 109
527	Algorithm A05 / step A05.05 / pseudocode line 109
528	Algorithm A05 / step A05.05 / pseudocode line 109
529	Algorithm A05 / step A05.06 / pseudocode line 110
530	Algorithm A05 / step A05.06 / pseudocode line 110
531	Algorithm A05 / step A05.06 / pseudocode line 110
532	Algorithm A05 / step A05.06 / pseudocode line 110
533	Algorithm A05 / step A05.06 / pseudocode line 110
534	Algorithm A05 / step A05.06 / pseudocode line 110
535	Algorithm A05 / step A05.06 / pseudocode line 110
536	Algorithm A05 / step A05.06 / pseudocode line 110
537	Algorithm A05 / step A05.06 / pseudocode line 110
538	Algorithm A05 / step A05.06 / pseudocode line 110
539	Algorithm A05 / step A05.06 / pseudocode line 110
540	Algorithm A05 / step A05.06 / pseudocode line 110
541	Algorithm A05 / step A05.06 / pseudocode line 110
542	Algorithm A05 / step A05.06 / pseudocode line 110
543	Algorithm A05 / step A05.06 / pseudocode line 110
544	Algorithm A05 / step A05.07 / pseudocode line 111
545	Algorithm A05 / step A05.07 / pseudocode line 111
546	Algorithm A05 / step A05.07 / pseudocode line 111
547	Algorithm A05 / step A05.07 / pseudocode line 111
548	Algorithm A05 / step A05.07 / pseudocode line 111
549	Algorithm A05 / step A05.08 / pseudocode line 112
550	Algorithm A05 / step A05.08 / pseudocode line 112
551	Algorithm A05 / step A05.08 / pseudocode line 112
552	Algorithm A06 / step A06.01 / pseudocode line 120
553	Algorithm A06 / step A06.01 / pseudocode line 120
554	Algorithm A06 / step A06.01 / pseudocode line 120
555	Algorithm A06 / step A06.01 / pseudocode line 120
556	Algorithm A06 / step A06.01 / pseudocode line 120
557	Algorithm A06 / step A06.01 / pseudocode line 120
558	Algorithm A06 / step A06.01 / pseudocode line 120
559	Algorithm A06 / step A06.01 / pseudocode line 120
560	Algorithm A06 / step A06.01 / pseudocode line 120
561	Algorithm A06 / step A06.01 / pseudocode line 120
562	Algorithm A06 / step A06.01 / pseudocode line 120
563	Algorithm A06 / step A06.01 / pseudocode line 120
564	Algorithm A06 / step A06.01 / pseudocode line 120
565	Algorithm A06 / step A06.01 / pseudocode line 120
566	Algorithm A06 / step A06.01 / pseudocode line 120
567	Algorithm A06 / step A06.01 / pseudocode line 120
568	Algorithm A06 / step A06.01 / pseudocode line 120
569	Algorithm A06 / step A06.01 / pseudocode line 120
570	Algorithm A06 / step A06.01 / pseudocode line 120
571	Algorithm A06 / step A06.01 / pseudocode line 120
572	Algorithm A06 / step A06.01 / pseudocode line 120
573	Algorithm A06 / step A06.01 / pseudocode line 120
574	Algorithm A06 / step A06.01 / pseudocode line 120
575	Algorithm A06 / step A06.01 / pseudocode line 120
576	Algorithm A06 / step A06.02 / pseudocode line 121
577	Algorithm A06 / step A06.02 / pseudocode line 121
578	Algorithm A06 / step A06.02 / pseudocode line 121
579	Algorithm A06 / step A06.03 / pseudocode line 122
580	Algorithm A06 / step A06.03 / pseudocode line 122
581	Algorithm A06 / step A06.03 / pseudocode line 122
582	Algorithm A06 / step A06.03 / pseudocode line 122
583	Algorithm A06 / step A06.03 / pseudocode line 122
584	Algorithm A06 / step A06.03 / pseudocode line 122
585	Algorithm A06 / step A06.03 / pseudocode line 122
586	Algorithm A06 / step A06.03 / pseudocode line 122
587	Algorithm A06 / step A06.03 / pseudocode line 122
588	Algorithm A06 / step A06.03 / pseudocode line 122
589	Algorithm A06 / step A06.03 / pseudocode line 122
590	Algorithm A06 / step A06.03 / pseudocode line 122
591	Algorithm A06 / step A06.03 / pseudocode line 122
592	Algorithm A06 / step A06.03 / pseudocode line 122
593	Algorithm A06 / step A06.03 / pseudocode line 122
594	Algorithm A06 / step A06.03 / pseudocode line 122
595	Algorithm A06 / step A06.03 / pseudocode line 122
596	Algorithm A06 / step A06.03 / pseudocode line 122
597	Algorithm A06 / step A06.03 / pseudocode line 122
598	Algorithm A06 / step A06.03 / pseudocode line 122
599	Algorithm A06 / step A06.03 / pseudocode line 122
600	Algorithm A06 / step A06.03 / pseudocode line 122
601	Algorithm A06 / step A06.04 / pseudocode line 123
602	Algorithm A06 / step A06.04 / pseudocode line 123
603	Algorithm A06 / step A06.04 / pseudocode line 123
604	Algorithm A06 / step A06.04 / pseudocode line 123
605	Algorithm A06 / step A06.04 / pseudocode line 123
606	Algorithm A06 / step A06.04 / pseudocode line 123
607	Algorithm A06 / step A06.04 / pseudocode line 123
608	Algorithm A06 / step A06.04 / pseudocode line 123
609	Algorithm A06 / step A06.04 / pseudocode line 123
610	Algorithm A06 / step A06.04 / pseudocode line 123
611	Algorithm A06 / step A06.04 / pseudocode line 123
612	Algorithm A06 / step A06.04 / pseudocode line 123
613	Algorithm A06 / step A06.04 / pseudocode line 123
614	Algorithm A06 / step A06.04 / pseudocode line 123
615	Algorithm A07 / step A07.01 / pseudocode line 131
616	Algorithm A07 / step A07.01 / pseudocode line 131
617	Algorithm A07 / step A07.01 / pseudocode line 131
618	Algorithm A07 / step A07.01 / pseudocode line 131
619	Algorithm A07 / step A07.01 / pseudocode line 131
620	Algorithm A07 / step A07.01 / pseudocode line 131
621	Algorithm A07 / step A07.01 / pseudocode line 131
622	Algorithm A07 / step A07.01 / pseudocode line 131
623	Algorithm A07 / step A07.01 / pseudocode line 131
624	Algorithm A07 / step A07.01 / pseudocode line 131
625	Algorithm A07 / step A07.02 / pseudocode line 132
626	Algorithm A07 / step A07.02 / pseudocode line 132
627	Algorithm A07 / step A07.02 / pseudocode line 132
628	Algorithm A07 / step A07.02 / pseudocode line 132
629	Algorithm A07 / step A07.02 / pseudocode line 132
630	Algorithm A07 / step A07.02 / pseudocode line 132
631	Algorithm A07 / step A07.02 / pseudocode line 132
632	Algorithm A07 / step A07.02 / pseudocode line 132
633	Algorithm A07 / step A07.02 / pseudocode line 132
634	Algorithm A07 / step A07.02 / pseudocode line 132
635	Algorithm A07 / step A07.03 / pseudocode line 133
636	Algorithm A07 / step A07.03 / pseudocode line 133
637	Algorithm A07 / step A07.03 / pseudocode line 133
638	Algorithm A07 / step A07.03 / pseudocode line 133
639	Algorithm A07 / step A07.03 / pseudocode line 133
640	Algorithm A07 / step A07.03 / pseudocode line 133
641	Algorithm A07 / step A07.03 / pseudocode line 133
642	Algorithm A07 / step A07.03 / pseudocode line 133
643	Algorithm A07 / step A07.03 / pseudocode line 133
644	Algorithm A07 / step A07.04 / pseudocode line 134
645	Algorithm A07 / step A07.04 / pseudocode line 134
646	Algorithm A07 / step A07.04 / pseudocode line 134
647	Algorithm A07 / step A07.05 / pseudocode line 135
648	Algorithm A07 / step A07.05 / pseudocode line 135
649	Algorithm A07 / step A07.05 / pseudocode line 135
650	Algorithm A07 / step A07.05 / pseudocode line 135
651	Algorithm A07 / step A07.05 / pseudocode line 135
652	Algorithm A07 / step A07.06 / pseudocode line 136
653	Algorithm A07 / step A07.06 / pseudocode line 136
654	Algorithm A07 / step A07.06 / pseudocode line 136
655	Algorithm A07 / step A07.06 / pseudocode line 136
656	Algorithm A07 / step A07.06 / pseudocode line 136
657	Algorithm A07 / step A07.06 / pseudocode line 136
658	Algorithm A07 / step A07.06 / pseudocode line 136
659	Algorithm A07 / step A07.06 / pseudocode line 136
660	Algorithm A07 / step A07.06 / pseudocode line 136
661	Algorithm A07 / step A07.06 / pseudocode line 136
662	Algorithm A07 / step A07.06 / pseudocode line 136
663	Algorithm A07 / step A07.06 / pseudocode line 136
664	Algorithm A07 / step A07.06 / pseudocode line 136
665	Algorithm A07 / step A07.06 / pseudocode line 136
666	Algorithm A07 / step A07.07 / pseudocode line 137
667	Algorithm A07 / step A07.07 / pseudocode line 137
668	Algorithm A07 / step A07.07 / pseudocode line 137
669	Algorithm A07 / step A07.07 / pseudocode line 137
670	Algorithm A07 / step A07.07 / pseudocode line 137
671	Algorithm A07 / step A07.07 / pseudocode line 137
672	Algorithm A08 / step A08.01 / pseudocode line 145
673	Algorithm A08 / step A08.01 / pseudocode line 145
674	Algorithm A08 / step A08.01 / pseudocode line 145
675	Algorithm A08 / step A08.01 / pseudocode line 145
676	Algorithm A08 / step A08.01 / pseudocode line 145
677	Algorithm A08 / step A08.01 / pseudocode line 145
678	Algorithm A08 / step A08.01 / pseudocode line 145
679	Algorithm A08 / step A08.01 / pseudocode line 145
680	Algorithm A08 / step A08.01 / pseudocode line 145
681	Algorithm A08 / step A08.01 / pseudocode line 145
682	Algorithm A08 / step A08.01 / pseudocode line 145
683	Algorithm A08 / step A08.01 / pseudocode line 145
684	Algorithm A08 / step A08.01 / pseudocode line 145
685	Algorithm A08 / step A08.01 / pseudocode line 145
686	Algorithm A08 / step A08.01 / pseudocode line 145
687	Algorithm A08 / step A08.01 / pseudocode line 145
688	Algorithm A08 / step A08.02 / pseudocode line 146
689	Algorithm A08 / step A08.02 / pseudocode line 146
690	Algorithm A08 / step A08.02 / pseudocode line 146
691	Algorithm A08 / step A08.02 / pseudocode line 146
692	Algorithm A08 / step A08.02 / pseudocode line 146
693	Algorithm A08 / step A08.02 / pseudocode line 146
694	Algorithm A08 / step A08.02 / pseudocode line 146
695	Algorithm A08 / step A08.02 / pseudocode line 146
696	Algorithm A08 / step A08.02 / pseudocode line 146
697	Algorithm A08 / step A08.02 / pseudocode line 146
698	Algorithm A08 / step A08.02 / pseudocode line 146
699	Algorithm A08 / step A08.02 / pseudocode line 146
700	Algorithm A08 / step A08.02 / pseudocode line 146
701	Algorithm A08 / step A08.02 / pseudocode line 146
702	Algorithm A08 / step A08.02 / pseudocode line 146
703	Algorithm A08 / step A08.02 / pseudocode line 146
704	Algorithm A08 / step A08.02 / pseudocode line 146
705	Algorithm A08 / step A08.02 / pseudocode line 146
706	Algorithm A08 / step A08.03 / pseudocode line 147
707	Algorithm A08 / step A08.03 / pseudocode line 147
708	Algorithm A08 / step A08.03 / pseudocode line 147
709	Algorithm A08 / step A08.03 / pseudocode line 147
710	Algorithm A08 / step A08.03 / pseudocode line 147
711	Algorithm A08 / step A08.03 / pseudocode line 147
712	Algorithm A08 / step A08.03 / pseudocode line 147
713	Algorithm A08 / step A08.03 / pseudocode line 147
714	Algorithm A08 / step A08.03 / pseudocode line 147
715	Algorithm A08 / step A08.04 / pseudocode line 148
716	Algorithm A08 / step A08.04 / pseudocode line 148
717	Algorithm A08 / step A08.04 / pseudocode line 148
718	Algorithm A08 / step A08.04 / pseudocode line 148
719	Algorithm A08 / step A08.05 / pseudocode line 149
720	Algorithm A08 / step A08.05 / pseudocode line 149
721	Algorithm A08 / step A08.05 / pseudocode line 149
722	Algorithm A08 / step A08.05 / pseudocode line 149
723	Algorithm A08 / step A08.05 / pseudocode line 149
724	Algorithm A08 / step A08.05 / pseudocode line 149
725	Algorithm A08 / step A08.05 / pseudocode line 149
726	Algorithm A08 / step A08.05 / pseudocode line 149
727	Algorithm A08 / step A08.05 / pseudocode line 149
728	Algorithm A08 / step A08.05 / pseudocode line 149
729	Algorithm A08 / step A08.05 / pseudocode line 149
730	Algorithm A08 / step A08.06 / pseudocode line 150
731	Algorithm A08 / step A08.06 / pseudocode line 150
732	Algorithm A08 / step A08.06 / pseudocode line 150
733	Algorithm A08 / step A08.06 / pseudocode line 150
734	Algorithm A08 / step A08.06 / pseudocode line 150
735	Algorithm A08 / step A08.06 / pseudocode line 150
736	Algorithm A08 / step A08.06 / pseudocode line 150
737	Algorithm A08 / step A08.06 / pseudocode line 150
738	Algorithm A08 / step A08.07 / pseudocode line 151
739	Algorithm A08 / step A08.07 / pseudocode line 151
740	Algorithm A08 / step A08.07 / pseudocode line 151
741	Algorithm A08 / step A08.07 / pseudocode line 151
742	Algorithm A08 / step A08.07 / pseudocode line 151
743	Algorithm A08 / step A08.08 / pseudocode line 152
744	Algorithm A08 / step A08.08 / pseudocode line 152
745	Algorithm A08 / step A08.08 / pseudocode line 152
746	Algorithm A08 / step A08.08 / pseudocode line 152
747	Algorithm A08 / step A08.08 / pseudocode line 152
748	Algorithm A08 / step A08.08 / pseudocode line 152
749	Algorithm A08 / step A08.08 / pseudocode line 152
750	Algorithm A08 / step A08.08 / pseudocode line 152
751	Algorithm A08 / step A08.08 / pseudocode line 152
752	Algorithm A08 / step A08.08 / pseudocode line 152
753	Algorithm A08 / step A08.08 / pseudocode line 152
754	Algorithm A08 / step A08.09 / pseudocode line 153
755	Algorithm A08 / step A08.09 / pseudocode line 153
756	Algorithm A08 / step A08.09 / pseudocode line 153
757	Algorithm A08 / step A08.09 / pseudocode line 153
758	Algorithm A08 / step A08.09 / pseudocode line 153
759	Algorithm A08 / step A08.10 / pseudocode line 154
760	Algorithm A08 / step A08.10 / pseudocode line 154
761	Algorithm A08 / step A08.10 / pseudocode line 154
762	Algorithm A08 / step A08.10 / pseudocode line 154
763	Algorithm A08 / step A08.10 / pseudocode line 154
764	Algorithm A08 / step A08.11 / pseudocode line 155
765	Algorithm A08 / step A08.11 / pseudocode line 155
766	Algorithm A08 / step A08.11 / pseudocode line 155
767	Algorithm A08 / step A08.11 / pseudocode line 155
768	Algorithm A08 / step A08.11 / pseudocode line 155
769	Algorithm A08 / step A08.11 / pseudocode line 155
770	Algorithm A09 / step A09.01 / pseudocode line 163
771	Algorithm A09 / step A09.01 / pseudocode line 163
772	Algorithm A09 / step A09.01 / pseudocode line 163
773	Algorithm A09 / step A09.01 / pseudocode line 163
774	Algorithm A09 / step A09.01 / pseudocode line 163
775	Algorithm A09 / step A09.01 / pseudocode line 163
776	Algorithm A09 / step A09.01 / pseudocode line 163
777	Algorithm A09 / step A09.01 / pseudocode line 163
778	Algorithm A09 / step A09.01 / pseudocode line 163
779	Algorithm A09 / step A09.01 / pseudocode line 163
780	Algorithm A09 / step A09.01 / pseudocode line 163
781	Algorithm A09 / step A09.01 / pseudocode line 163
782	Algorithm A09 / step A09.02 / pseudocode line 164
783	Algorithm A09 / step A09.02 / pseudocode line 164
784	Algorithm A09 / step A09.02 / pseudocode line 164
785	Algorithm A09 / step A09.02 / pseudocode line 164
786	Algorithm A09 / step A09.02 / pseudocode line 164
787	Algorithm A09 / step A09.02 / pseudocode line 164
788	Algorithm A09 / step A09.02 / pseudocode line 164
789	Algorithm A09 / step A09.02 / pseudocode line 164
790	Algorithm A09 / step A09.02 / pseudocode line 164
791	Algorithm A09 / step A09.02 / pseudocode line 164
792	Algorithm A09 / step A09.02 / pseudocode line 164
793	Algorithm A09 / step A09.02 / pseudocode line 164
794	Algorithm A09 / step A09.02 / pseudocode line 164
795	Algorithm A09 / step A09.02 / pseudocode line 164
796	Algorithm A09 / step A09.02 / pseudocode line 164
797	Algorithm A09 / step A09.02 / pseudocode line 164
798	Algorithm A09 / step A09.02 / pseudocode line 164
799	Algorithm A09 / step A09.02 / pseudocode line 164
800	Algorithm A09 / step A09.03 / pseudocode line 165
801	Algorithm A09 / step A09.03 / pseudocode line 165
802	Algorithm A09 / step A09.03 / pseudocode line 165
803	Algorithm A09 / step A09.03 / pseudocode line 165
804	Algorithm A09 / step A09.03 / pseudocode line 165
805	Algorithm A09 / step A09.03 / pseudocode line 165
806	Algorithm A09 / step A09.03 / pseudocode line 165
807	Algorithm A09 / step A09.03 / pseudocode line 165
808	Algorithm A09 / step A09.03 / pseudocode line 165
809	Algorithm A09 / step A09.04 / pseudocode line 166
810	Algorithm A09 / step A09.04 / pseudocode line 166
811	Algorithm A09 / step A09.04 / pseudocode line 166
812	Algorithm A09 / step A09.04 / pseudocode line 166
813	Algorithm A09 / step A09.04 / pseudocode line 166
814	Algorithm A09 / step A09.04 / pseudocode line 166
815	Algorithm A09 / step A09.04 / pseudocode line 166
816	Algorithm A09 / step A09.04 / pseudocode line 166
817	Algorithm A09 / step A09.04 / pseudocode line 166
818	Algorithm A09 / step A09.04 / pseudocode line 166
819	Algorithm A09 / step A09.04 / pseudocode line 166
820	Algorithm A09 / step A09.04 / pseudocode line 166
821	Algorithm A09 / step A09.05 / pseudocode line 167
822	Algorithm A09 / step A09.05 / pseudocode line 167
823	Algorithm A09 / step A09.05 / pseudocode line 167
824	Algorithm A09 / step A09.05 / pseudocode line 167
825	Algorithm A09 / step A09.05 / pseudocode line 167
826	Algorithm A09 / step A09.05 / pseudocode line 167
827	Algorithm A09 / step A09.05 / pseudocode line 167
828	Algorithm A09 / step A09.05 / pseudocode line 167
829	Algorithm A09 / step A09.05 / pseudocode line 167
830	Algorithm A09 / step A09.05 / pseudocode line 167
831	Algorithm A09 / step A09.05 / pseudocode line 167
832	Algorithm A09 / step A09.05 / pseudocode line 167
833	Algorithm A09 / step A09.05 / pseudocode line 167
834	Algorithm A09 / step A09.06 / pseudocode line 168
835	Algorithm A09 / step A09.06 / pseudocode line 168
836	Algorithm A09 / step A09.06 / pseudocode line 168
837	Algorithm A09 / step A09.07 / pseudocode line 169
838	Algorithm A09 / step A09.07 / pseudocode line 169
839	Algorithm A09 / step A09.07 / pseudocode line 169
840	Algorithm A09 / step A09.07 / pseudocode line 169
841	Algorithm A09 / step A09.07 / pseudocode line 169
842	Algorithm A09 / step A09.07 / pseudocode line 169
843	Algorithm A09 / step A09.07 / pseudocode line 169
844	Algorithm A09 / step A09.07 / pseudocode line 169
845	Algorithm A09 / step A09.07 / pseudocode line 169
846	Algorithm A09 / step A09.07 / pseudocode line 169
847	Algorithm A10 / step A10.01 / pseudocode line 177
848	Algorithm A10 / step A10.01 / pseudocode line 177
849	Algorithm A10 / step A10.01 / pseudocode line 177
850	Algorithm A10 / step A10.01 / pseudocode line 177
851	Algorithm A10 / step A10.01 / pseudocode line 177
852	Algorithm A10 / step A10.01 / pseudocode line 177
853	Algorithm A10 / step A10.01 / pseudocode line 177
854	Algorithm A10 / step A10.01 / pseudocode line 177
855	Algorithm A10 / step A10.01 / pseudocode line 177
856	Algorithm A10 / step A10.01 / pseudocode line 177
857	Algorithm A10 / step A10.01 / pseudocode line 177
858	Algorithm A10 / step A10.01 / pseudocode line 177
859	Algorithm A10 / step A10.01 / pseudocode line 177
860	Algorithm A10 / step A10.01 / pseudocode line 177
861	Algorithm A10 / step A10.01 / pseudocode line 177
862	Algorithm A10 / step A10.02 / pseudocode line 178
863	Algorithm A10 / step A10.02 / pseudocode line 178
864	Algorithm A10 / step A10.02 / pseudocode line 178
865	Algorithm A10 / step A10.02 / pseudocode line 178
866	Algorithm A10 / step A10.02 / pseudocode line 178
867	Algorithm A10 / step A10.02 / pseudocode line 178
868	Algorithm A10 / step A10.02 / pseudocode line 178
869	Algorithm A10 / step A10.02 / pseudocode line 178
870	Algorithm A10 / step A10.02 / pseudocode line 178
871	Algorithm A10 / step A10.02 / pseudocode line 178
872	Algorithm A10 / step A10.02 / pseudocode line 178
873	Algorithm A10 / step A10.02 / pseudocode line 178
874	Algorithm A10 / step A10.02 / pseudocode line 178
875	Algorithm A10 / step A10.02 / pseudocode line 178
876	Algorithm A10 / step A10.02 / pseudocode line 178
877	Algorithm A10 / step A10.02 / pseudocode line 178
878	Algorithm A10 / step A10.02 / pseudocode line 178
879	Algorithm A10 / step A10.03 / pseudocode line 179
880	Algorithm A10 / step A10.03 / pseudocode line 179
881	Algorithm A10 / step A10.03 / pseudocode line 179
882	Algorithm A10 / step A10.03 / pseudocode line 179
883	Algorithm A10 / step A10.03 / pseudocode line 179
884	Algorithm A10 / step A10.04 / pseudocode line 180
885	Algorithm A10 / step A10.04 / pseudocode line 180
886	Algorithm A10 / step A10.04 / pseudocode line 180
887	Algorithm A10 / step A10.04 / pseudocode line 180
888	Algorithm A10 / step A10.04 / pseudocode line 180
889	Algorithm A10 / step A10.04 / pseudocode line 180
890	Algorithm A10 / step A10.04 / pseudocode line 180
891	Algorithm A10 / step A10.04 / pseudocode line 180
892	Algorithm A10 / step A10.05 / pseudocode line 181
893	Algorithm A10 / step A10.05 / pseudocode line 181
894	Algorithm A10 / step A10.05 / pseudocode line 181
895	Algorithm A10 / step A10.05 / pseudocode line 181
896	Algorithm A10 / step A10.05 / pseudocode line 181
897	Algorithm A10 / step A10.05 / pseudocode line 181
898	Algorithm A10 / step A10.05 / pseudocode line 181
899	Algorithm A10 / step A10.06 / pseudocode line 182
900	Algorithm A10 / step A10.06 / pseudocode line 182
901	Algorithm A10 / step A10.06 / pseudocode line 182
902	Algorithm A10 / step A10.06 / pseudocode line 182
903	Algorithm A10 / step A10.06 / pseudocode line 182
904	Algorithm A10 / step A10.06 / pseudocode line 182
905	Algorithm A10 / step A10.06 / pseudocode line 182
906	Algorithm A10 / step A10.06 / pseudocode line 182
907	Algorithm A10 / step A10.06 / pseudocode line 182
908	Algorithm A10 / step A10.06 / pseudocode line 182
909	Algorithm A10 / step A10.06 / pseudocode line 182
910	Algorithm A10 / step A10.06 / pseudocode line 182
911	Algorithm A10 / step A10.06 / pseudocode line 182
912	Algorithm A10 / step A10.06 / pseudocode line 182
913	Algorithm A10 / step A10.06 / pseudocode line 182
914	Algorithm A10 / step A10.06 / pseudocode line 182
915	Algorithm A10 / step A10.06 / pseudocode line 182
916	Algorithm A10 / step A10.07 / pseudocode line 183
917	Algorithm A10 / step A10.07 / pseudocode line 183
918	Algorithm A10 / step A10.07 / pseudocode line 183
919	Algorithm A10 / step A10.07 / pseudocode line 183
920	Algorithm A10 / step A10.07 / pseudocode line 183
921	Algorithm A10 / step A10.07 / pseudocode line 183
922	Algorithm A10 / step A10.07 / pseudocode line 183
923	Algorithm A10 / step A10.07 / pseudocode line 183
924	Algorithm A10 / step A10.07 / pseudocode line 183
925	Algorithm A10 / step A10.07 / pseudocode line 183
926	Algorithm A10 / step A10.07 / pseudocode line 183
927	Algorithm A10 / step A10.07 / pseudocode line 183
928	Algorithm A10 / step A10.08 / pseudocode line 184
929	Algorithm A10 / step A10.08 / pseudocode line 184
930	Algorithm A10 / step A10.08 / pseudocode line 184
931	Algorithm A10 / step A10.09 / pseudocode line 185
932	Algorithm A10 / step A10.09 / pseudocode line 185
933	Algorithm A10 / step A10.09 / pseudocode line 185
934	Algorithm A10 / step A10.09 / pseudocode line 185
935	Algorithm A10 / step A10.09 / pseudocode line 185
936	Algorithm A10 / step A10.09 / pseudocode line 185
937	Algorithm A10 / step A10.09 / pseudocode line 185
938	Algorithm A10 / step A10.09 / pseudocode line 185
939	Algorithm A10 / step A10.09 / pseudocode line 185
940	Algorithm A10 / step A10.09 / pseudocode line 185
941	Algorithm A10 / step A10.09 / pseudocode line 185
942	Algorithm A10 / step A10.09 / pseudocode line 185
943	Algorithm A10 / step A10.09 / pseudocode line 185
944	Algorithm A10 / step A10.09 / pseudocode line 185
945	Algorithm A10 / step A10.09 / pseudocode line 185
946	Algorithm A10 / step A10.09 / pseudocode line 185
947	Algorithm A10 / step A10.10 / pseudocode line 186
948	Algorithm A10 / step A10.10 / pseudocode line 186
949	Algorithm A10 / step A10.10 / pseudocode line 186
950	Algorithm A10 / step A10.11 / pseudocode line 187
951	Algorithm A10 / step A10.11 / pseudocode line 187
952	Algorithm A10 / step A10.11 / pseudocode line 187
953	Algorithm A10 / step A10.11 / pseudocode line 187
954	Algorithm A10 / step A10.11 / pseudocode line 187
955	Algorithm A10 / step A10.11 / pseudocode line 187
956	Algorithm A10 / step A10.11 / pseudocode line 187
957	Algorithm A10 / step A10.11 / pseudocode line 187
958	Algorithm A10 / step A10.11 / pseudocode line 187
959	Algorithm A10 / step A10.11 / pseudocode line 187
960	Algorithm A10 / step A10.11 / pseudocode line 187
961	Algorithm A10 / step A10.11 / pseudocode line 187
962	Algorithm A10 / step A10.11 / pseudocode line 187
963	Algorithm A11 / step A11.01 / pseudocode line 195
964	Algorithm A11 / step A11.01 / pseudocode line 195
965	Algorithm A11 / step A11.01 / pseudocode line 195
966	Algorithm A11 / step A11.01 / pseudocode line 195
967	Algorithm A11 / step A11.01 / pseudocode line 195
968	Algorithm A11 / step A11.01 / pseudocode line 195
969	Algorithm A11 / step A11.01 / pseudocode line 195
970	Algorithm A11 / step A11.01 / pseudocode line 195
971	Algorithm A11 / step A11.01 / pseudocode line 195
972	Algorithm A11 / step A11.01 / pseudocode line 195
973	Algorithm A11 / step A11.01 / pseudocode line 195
974	Algorithm A11 / step A11.01 / pseudocode line 195
975	Algorithm A11 / step A11.02 / pseudocode line 196
976	Algorithm A11 / step A11.02 / pseudocode line 196
977	Algorithm A11 / step A11.02 / pseudocode line 196
978	Algorithm A11 / step A11.02 / pseudocode line 196
979	Algorithm A11 / step A11.02 / pseudocode line 196
980	Algorithm A11 / step A11.02 / pseudocode line 196
981	Algorithm A11 / step A11.02 / pseudocode line 196
982	Algorithm A11 / step A11.02 / pseudocode line 196
983	Algorithm A11 / step A11.02 / pseudocode line 196
984	Algorithm A11 / step A11.03 / pseudocode line 197
985	Algorithm A11 / step A11.03 / pseudocode line 197
986	Algorithm A11 / step A11.03 / pseudocode line 197
987	Algorithm A11 / step A11.03 / pseudocode line 197
988	Algorithm A11 / step A11.03 / pseudocode line 197
989	Algorithm A11 / step A11.03 / pseudocode line 197
990	Algorithm A11 / step A11.03 / pseudocode line 197
991	Algorithm A11 / step A11.03 / pseudocode line 197
992	Algorithm A11 / step A11.03 / pseudocode line 197
993	Algorithm A11 / step A11.03 / pseudocode line 197
994	Algorithm A11 / step A11.03 / pseudocode line 197
995	Algorithm A11 / step A11.03 / pseudocode line 197
996	Algorithm A11 / step A11.03 / pseudocode line 197
997	Algorithm A11 / step A11.04 / pseudocode line 198
998	Algorithm A11 / step A11.04 / pseudocode line 198
999	Algorithm A11 / step A11.04 / pseudocode line 198
1000	Algorithm A11 / step A11.04 / pseudocode line 198
1001	Algorithm A11 / step A11.04 / pseudocode line 198
1002	Algorithm A11 / step A11.04 / pseudocode line 198
1003	Algorithm A11 / step A11.04 / pseudocode line 198
1004	Algorithm A11 / step A11.04 / pseudocode line 198
1005	Algorithm A11 / step A11.04 / pseudocode line 198
1006	Algorithm A11 / step A11.05 / pseudocode line 199
1007	Algorithm A11 / step A11.05 / pseudocode line 199
1008	Algorithm A11 / step A11.05 / pseudocode line 199
1009	Algorithm A11 / step A11.05 / pseudocode line 199
1010	Algorithm A11 / step A11.05 / pseudocode line 199
1011	Algorithm A11 / step A11.05 / pseudocode line 199
1012	Algorithm A11 / step A11.05 / pseudocode line 199
1013	Algorithm A11 / step A11.05 / pseudocode line 199
1014	Algorithm A11 / step A11.05 / pseudocode line 199
1015	Algorithm A11 / step A11.05 / pseudocode line 199
1016	Algorithm A11 / step A11.05 / pseudocode line 199
1017	Algorithm A11 / step A11.05 / pseudocode line 199
1018	Algorithm A11 / step A11.06 / pseudocode line 200
1019	Algorithm A11 / step A11.06 / pseudocode line 200
1020	Algorithm A11 / step A11.06 / pseudocode line 200
1021	Algorithm A11 / step A11.06 / pseudocode line 200
1022	Algorithm A11 / step A11.06 / pseudocode line 200
1023	Algorithm A11 / step A11.06 / pseudocode line 200
1024	Algorithm A11 / step A11.06 / pseudocode line 200
1025	Algorithm A11 / step A11.06 / pseudocode line 200
1026	Algorithm A11 / step A11.06 / pseudocode line 200
1027	Algorithm A11 / step A11.07 / pseudocode line 201
1028	Algorithm A11 / step A11.07 / pseudocode line 201
1029	Algorithm A11 / step A11.07 / pseudocode line 201
1030	Algorithm A11 / step A11.07 / pseudocode line 201
1031	Algorithm A11 / step A11.07 / pseudocode line 201
1032	Algorithm A11 / step A11.08 / pseudocode line 202
1033	Algorithm A11 / step A11.08 / pseudocode line 202
1034	Algorithm A11 / step A11.09 / pseudocode line 203
1035	Algorithm A11 / step A11.09 / pseudocode line 203
1036	Algorithm A11 / step A11.09 / pseudocode line 203
1037	Algorithm A11 / step A11.09 / pseudocode line 203
1038	Algorithm A11 / step A11.09 / pseudocode line 203
1039	Algorithm A11 / step A11.09 / pseudocode line 203
1040	Algorithm A11 / step A11.09 / pseudocode line 203
1041	Algorithm A11 / step A11.09 / pseudocode line 203
1042	Algorithm A11 / step A11.09 / pseudocode line 203
1043	Algorithm A11 / step A11.09 / pseudocode line 203
1044	Algorithm A11 / step A11.09 / pseudocode line 203
1045	Algorithm A11 / step A11.09 / pseudocode line 203
1046	Algorithm A11 / step A11.09 / pseudocode line 203
1047	Algorithm A11 / step A11.09 / pseudocode line 203
1048	Algorithm A11 / step A11.09 / pseudocode line 203
1049	Algorithm A11 / step A11.09 / pseudocode line 203
1050	Algorithm A11 / step A11.09 / pseudocode line 203
1051	Algorithm A11 / step A11.09 / pseudocode line 203
1052	Algorithm A11 / step A11.09 / pseudocode line 203
1053	Algorithm A11 / step A11.09 / pseudocode line 203
1054	Algorithm A11 / step A11.09 / pseudocode line 203
1055	Algorithm A11 / step A11.09 / pseudocode line 203
1056	Algorithm A11 / step A11.09 / pseudocode line 203
1057	Algorithm A11 / step A11.09 / pseudocode line 203
1058	Algorithm A11 / step A11.09 / pseudocode line 203
1059	Algorithm A11 / step A11.09 / pseudocode line 203
1060	Algorithm A11 / step A11.09 / pseudocode line 203
1061	Algorithm A11 / step A11.10 / pseudocode line 204
1062	Algorithm A11 / step A11.10 / pseudocode line 204
1063	Algorithm A11 / step A11.10 / pseudocode line 204
1064	Algorithm A11 / step A11.10 / pseudocode line 204
1065	Algorithm A11 / step A11.10 / pseudocode line 204
1066	Algorithm A11 / step A11.10 / pseudocode line 204
1067	Algorithm A11 / step A11.10 / pseudocode line 204
1068	Algorithm A11 / step A11.10 / pseudocode line 204
1069	Algorithm A11 / step A11.10 / pseudocode line 204
1070	Algorithm A11 / step A11.10 / pseudocode line 204
1071	Algorithm A11 / step A11.10 / pseudocode line 204
1072	Algorithm A11 / step A11.10 / pseudocode line 204
1073	Algorithm A11 / step A11.10 / pseudocode line 204
1074	Algorithm A11 / step A11.11 / pseudocode line 205
1075	Algorithm A11 / step A11.11 / pseudocode line 205
1076	Algorithm A11 / step A11.11 / pseudocode line 205
1077	Algorithm A11 / step A11.11 / pseudocode line 205
1078	Algorithm A11 / step A11.11 / pseudocode line 205
1079	Algorithm A11 / step A11.11 / pseudocode line 205
1080	Algorithm A11 / step A11.11 / pseudocode line 205
1081	Algorithm A11 / step A11.11 / pseudocode line 205
1082	Algorithm A11 / step A11.11 / pseudocode line 205
1083	Algorithm A11 / step A11.11 / pseudocode line 205
1084	Algorithm A11 / step A11.11 / pseudocode line 205
1085	Algorithm A11 / step A11.11 / pseudocode line 205
1086	Algorithm A11 / step A11.11 / pseudocode line 205
1087	Algorithm A11 / step A11.11 / pseudocode line 205
1088	Algorithm A11 / step A11.11 / pseudocode line 205
1089	Algorithm A11 / step A11.12 / pseudocode line 206
1090	Algorithm A11 / step A11.12 / pseudocode line 206
1091	Algorithm A11 / step A11.12 / pseudocode line 206
1092	Algorithm A11 / step A11.12 / pseudocode line 206
1093	Algorithm A11 / step A11.12 / pseudocode line 206
1094	Algorithm A11 / step A11.12 / pseudocode line 206
1095	Algorithm A11 / step A11.12 / pseudocode line 206
1096	Algorithm A11 / step A11.12 / pseudocode line 206
1097	Algorithm A11 / step A11.12 / pseudocode line 206
1098	Algorithm A11 / step A11.12 / pseudocode line 206
1099	Algorithm A11 / step A11.12 / pseudocode line 206
1100	Algorithm A11 / step A11.12 / pseudocode line 206
1101	Algorithm A11 / step A11.12 / pseudocode line 206
1102	Algorithm A11 / step A11.13 / pseudocode line 207
1103	Algorithm A11 / step A11.13 / pseudocode line 207
1104	Algorithm A11 / step A11.13 / pseudocode line 207
1105	Algorithm A11 / step A11.13 / pseudocode line 207
1106	Algorithm A11 / step A11.13 / pseudocode line 207
1107	Algorithm A11 / step A11.13 / pseudocode line 207
1108	Algorithm A11 / step A11.13 / pseudocode line 207
1109	Algorithm A11 / step A11.13 / pseudocode line 207
1110	Algorithm A11 / step A11.13 / pseudocode line 207
1111	Algorithm A11 / step A11.13 / pseudocode line 207
1112	Algorithm A11 / step A11.13 / pseudocode line 207
1113	Algorithm A11 / step A11.13 / pseudocode line 207
1114	Algorithm A11 / step A11.14 / pseudocode line 208
1115	Algorithm A11 / step A11.14 / pseudocode line 208
1116	Algorithm A11 / step A11.14 / pseudocode line 208
1117	Algorithm A11 / step A11.14 / pseudocode line 208
1118	Algorithm A11 / step A11.14 / pseudocode line 208
1119	Algorithm A11 / step A11.14 / pseudocode line 208
1120	Algorithm A11 / step A11.14 / pseudocode line 208
1121	Algorithm A11 / step A11.14 / pseudocode line 208
1122	Algorithm A11 / step A11.15 / pseudocode line 209
1123	Algorithm A11 / step A11.15 / pseudocode line 209
1124	Algorithm A11 / step A11.15 / pseudocode line 209
1125	Algorithm A11 / step A11.15 / pseudocode line 209
1126	Algorithm A11 / step A11.15 / pseudocode line 209
1127	Algorithm A11 / step A11.15 / pseudocode line 209
1128	Algorithm A11 / step A11.15 / pseudocode line 209
1129	Algorithm A11 / step A11.15 / pseudocode line 209
1130	Algorithm A11 / step A11.15 / pseudocode line 209
1131	Algorithm A11 / step A11.15 / pseudocode line 209
1132	Algorithm A11 / step A11.15 / pseudocode line 209
1133	Algorithm A11 / step A11.15 / pseudocode line 209
1134	Algorithm A11 / step A11.15 / pseudocode line 209
1135	Algorithm A11 / step A11.15 / pseudocode line 209
1136	Algorithm A12 / step A12.01 / pseudocode line 217
1137	Algorithm A12 / step A12.01 / pseudocode line 217
1138	Algorithm A12 / step A12.01 / pseudocode line 217
1139	Algorithm A12 / step A12.01 / pseudocode line 217
1140	Algorithm A12 / step A12.01 / pseudocode line 217
1141	Algorithm A12 / step A12.01 / pseudocode line 217
1142	Algorithm A12 / step A12.01 / pseudocode line 217
1143	Algorithm A12 / step A12.01 / pseudocode line 217
1144	Algorithm A12 / step A12.01 / pseudocode line 217
1145	Algorithm A12 / step A12.01 / pseudocode line 217
1146	Algorithm A12 / step A12.01 / pseudocode line 217
1147	Algorithm A12 / step A12.01 / pseudocode line 217
1148	Algorithm A12 / step A12.01 / pseudocode line 217
1149	Algorithm A12 / step A12.01 / pseudocode line 217
1150	Algorithm A12 / step A12.01 / pseudocode line 217
1151	Algorithm A12 / step A12.01 / pseudocode line 217
1152	Algorithm A12 / step A12.01 / pseudocode line 217
1153	Algorithm A12 / step A12.01 / pseudocode line 217
1154	Algorithm A12 / step A12.01 / pseudocode line 217
1155	Algorithm A12 / step A12.01 / pseudocode line 217
1156	Algorithm A12 / step A12.01 / pseudocode line 217
1157	Algorithm A12 / step A12.01 / pseudocode line 217
1158	Algorithm A12 / step A12.01 / pseudocode line 217
1159	Algorithm A12 / step A12.01 / pseudocode line 217
1160	Algorithm A12 / step A12.01 / pseudocode line 217
1161	Algorithm A12 / step A12.01 / pseudocode line 217
1162	Algorithm A12 / step A12.01 / pseudocode line 217
1163	Algorithm A12 / step A12.01 / pseudocode line 217
1164	Algorithm A12 / step A12.01 / pseudocode line 217
1165	Algorithm A12 / step A12.01 / pseudocode line 217
1166	Algorithm A12 / step A12.01 / pseudocode line 217
1167	Algorithm A12 / step A12.01 / pseudocode line 217
1168	Algorithm A12 / step A12.01 / pseudocode line 217
1169	Algorithm A12 / step A12.01 / pseudocode line 217
1170	Algorithm A12 / step A12.02 / pseudocode line 218
1171	Algorithm A12 / step A12.02 / pseudocode line 218
1172	Algorithm A12 / step A12.03 / pseudocode line 219
1173	Algorithm A12 / step A12.03 / pseudocode line 219
1174	Algorithm A12 / step A12.03 / pseudocode line 219
1175	Algorithm A12 / step A12.03 / pseudocode line 219
1176	Algorithm A12 / step A12.03 / pseudocode line 219
1177	Algorithm A12 / step A12.03 / pseudocode line 219
1178	Algorithm A12 / step A12.03 / pseudocode line 219
1179	Algorithm A12 / step A12.03 / pseudocode line 219
1180	Algorithm A12 / step A12.04 / pseudocode line 220
1181	Algorithm A12 / step A12.04 / pseudocode line 220
1182	Algorithm A12 / step A12.04 / pseudocode line 220
1183	Algorithm A12 / step A12.04 / pseudocode line 220
1184	Algorithm A12 / step A12.04 / pseudocode line 220
1185	Algorithm A12 / step A12.04 / pseudocode line 220
1186	Algorithm A12 / step A12.04 / pseudocode line 220
1187	Algorithm A12 / step A12.04 / pseudocode line 220
1188	Algorithm A12 / step A12.04 / pseudocode line 220
1189	Algorithm A12 / step A12.04 / pseudocode line 220
1190	Algorithm A12 / step A12.05 / pseudocode line 221
1191	Algorithm A12 / step A12.05 / pseudocode line 221
1192	Algorithm A12 / step A12.05 / pseudocode line 221
1193	Algorithm A13 / step A13.01 / pseudocode line 229
1194	Algorithm A13 / step A13.01 / pseudocode line 229
1195	Algorithm A13 / step A13.01 / pseudocode line 229
1196	Algorithm A13 / step A13.01 / pseudocode line 229
1197	Algorithm A13 / step A13.01 / pseudocode line 229
1198	Algorithm A13 / step A13.01 / pseudocode line 229
1199	Algorithm A13 / step A13.01 / pseudocode line 229
1200	Algorithm A13 / step A13.01 / pseudocode line 229
1201	Algorithm A13 / step A13.01 / pseudocode line 229
1202	Algorithm A13 / step A13.01 / pseudocode line 229
1203	Algorithm A13 / step A13.02 / pseudocode line 230
1204	Algorithm A13 / step A13.02 / pseudocode line 230
1205	Algorithm A13 / step A13.02 / pseudocode line 230
1206	Algorithm A13 / step A13.02 / pseudocode line 230
1207	Algorithm A13 / step A13.02 / pseudocode line 230
1208	Algorithm A13 / step A13.02 / pseudocode line 230
1209	Algorithm A13 / step A13.02 / pseudocode line 230
1210	Algorithm A13 / step A13.02 / pseudocode line 230
1211	Algorithm A13 / step A13.02 / pseudocode line 230
1212	Algorithm A13 / step A13.03 / pseudocode line 231
1213	Algorithm A13 / step A13.03 / pseudocode line 231
1214	Algorithm A13 / step A13.03 / pseudocode line 231
1215	Algorithm A13 / step A13.03 / pseudocode line 231
1216	Algorithm A13 / step A13.03 / pseudocode line 231
1217	Algorithm A13 / step A13.03 / pseudocode line 231
1218	Algorithm A13 / step A13.04 / pseudocode line 232
1219	Algorithm A13 / step A13.04 / pseudocode line 232
1220	Algorithm A13 / step A13.04 / pseudocode line 232
1221	Algorithm A13 / step A13.04 / pseudocode line 232
1222	Algorithm A13 / step A13.04 / pseudocode line 232
1223	Algorithm A13 / step A13.04 / pseudocode line 232
1224	Algorithm A13 / step A13.04 / pseudocode line 232
1225	Algorithm A13 / step A13.04 / pseudocode line 232
1226	Algorithm A13 / step A13.04 / pseudocode line 232
1227	Algorithm A13 / step A13.04 / pseudocode line 232
1228	Algorithm A13 / step A13.04 / pseudocode line 232
1229	Algorithm A13 / step A13.04 / pseudocode line 232
1230	Algorithm A13 / step A13.04 / pseudocode line 232
1231	Algorithm A13 / step A13.04 / pseudocode line 232
1232	Algorithm A13 / step A13.04 / pseudocode line 232
1233	Algorithm A13 / step A13.05 / pseudocode line 233
1234	Algorithm A13 / step A13.05 / pseudocode line 233
1235	Algorithm A13 / step A13.05 / pseudocode line 233
1236	Algorithm A13 / step A13.05 / pseudocode line 233
1237	Algorithm A13 / step A13.05 / pseudocode line 233
1238	Algorithm A13 / step A13.05 / pseudocode line 233
1239	Algorithm A13 / step A13.05 / pseudocode line 233
1240	Algorithm A13 / step A13.05 / pseudocode line 233
1241	Algorithm A13 / step A13.05 / pseudocode line 233
1242	Algorithm A13 / step A13.05 / pseudocode line 233
1243	Algorithm A13 / step A13.05 / pseudocode line 233
1244	Algorithm A13 / step A13.05 / pseudocode line 233
1245	Algorithm A13 / step A13.06 / pseudocode line 234
1246	Algorithm A13 / step A13.06 / pseudocode line 234
1247	Algorithm A13 / step A13.06 / pseudocode line 234
1248	Algorithm A13 / step A13.06 / pseudocode line 234
1249	Algorithm A13 / step A13.06 / pseudocode line 234
1250	Algorithm A13 / step A13.06 / pseudocode line 234
1251	Algorithm A13 / step A13.06 / pseudocode line 234
1252	Algorithm A13 / step A13.06 / pseudocode line 234
1253	Algorithm A13 / step A13.07 / pseudocode line 235
1254	Algorithm A13 / step A13.07 / pseudocode line 235
1255	Algorithm A13 / step A13.07 / pseudocode line 235
1256	Algorithm A13 / step A13.07 / pseudocode line 235
1257	Algorithm A13 / step A13.07 / pseudocode line 235
1258	Algorithm A13 / step A13.07 / pseudocode line 235
1259	Algorithm A13 / step A13.07 / pseudocode line 235
1260	Algorithm A13 / step A13.07 / pseudocode line 235
1261	Algorithm A13 / step A13.07 / pseudocode line 235
1262	Algorithm A13 / step A13.08 / pseudocode line 236
1263	Algorithm A13 / step A13.08 / pseudocode line 236
1264	Algorithm A13 / step A13.08 / pseudocode line 236
1265	Algorithm A13 / step A13.08 / pseudocode line 236
1266	Algorithm A13 / step A13.08 / pseudocode line 236
1267	Algorithm A13 / step A13.08 / pseudocode line 236
1268	Algorithm A13 / step A13.09 / pseudocode line 237
1269	Algorithm A13 / step A13.09 / pseudocode line 237
1270	Algorithm A13 / step A13.09 / pseudocode line 237
1271	Algorithm A13 / step A13.09 / pseudocode line 237
1272	Algorithm A13 / step A13.09 / pseudocode line 237
1273	Algorithm A13 / step A13.09 / pseudocode line 237
1274	Algorithm A13 / step A13.09 / pseudocode line 237
1275	Algorithm A13 / step A13.09 / pseudocode line 237
1276	Algorithm A13 / step A13.09 / pseudocode line 237
1277	Algorithm A13 / step A13.09 / pseudocode line 237
1278	Algorithm A13 / step A13.09 / pseudocode line 237
1279	Algorithm A13 / step A13.10 / pseudocode line 238
1280	Algorithm A13 / step A13.10 / pseudocode line 238
1281	Algorithm A13 / step A13.10 / pseudocode line 238
1282	Algorithm A13 / step A13.10 / pseudocode line 238
1283	Algorithm A13 / step A13.10 / pseudocode line 238
1284	Algorithm A13 / step A13.10 / pseudocode line 238
1285	Algorithm A13 / step A13.10 / pseudocode line 238
1286	Algorithm A13 / step A13.10 / pseudocode line 238
1287	Algorithm A13 / step A13.10 / pseudocode line 238
1288	Algorithm A13 / step A13.10 / pseudocode line 238
1289	Algorithm A13 / step A13.10 / pseudocode line 238
1290	Algorithm A13 / step A13.10 / pseudocode line 238
1291	Algorithm A13 / step A13.10 / pseudocode line 238
1292	Algorithm A13 / step A13.10 / pseudocode line 238
1293	Algorithm A13 / step A13.10 / pseudocode line 238
1294	Algorithm A13 / step A13.10 / pseudocode line 238
1295	Algorithm A13 / step A13.11 / pseudocode line 239
1296	Algorithm A13 / step A13.11 / pseudocode line 239
1297	Algorithm A13 / step A13.11 / pseudocode line 239
1298	Algorithm A13 / step A13.11 / pseudocode line 239
1299	Algorithm A13 / step A13.11 / pseudocode line 239
1300	Algorithm A13 / step A13.11 / pseudocode line 239
1301	Algorithm A13 / step A13.11 / pseudocode line 239
1302	Algorithm A13 / step A13.11 / pseudocode line 239
1303	Algorithm A13 / step A13.11 / pseudocode line 239
1304	Algorithm A13 / step A13.11 / pseudocode line 239
1305	Algorithm A13 / step A13.11 / pseudocode line 239
1306	Algorithm A13 / step A13.11 / pseudocode line 239
1307	Algorithm A13 / step A13.11 / pseudocode line 239
1308	Algorithm A13 / step A13.11 / pseudocode line 239
1309	Algorithm A13 / step A13.11 / pseudocode line 239
1310	Algorithm A13 / step A13.11 / pseudocode line 239
1311	Algorithm A13 / step A13.11 / pseudocode line 239
1312	Algorithm A13 / step A13.11 / pseudocode line 239
1313	Algorithm A13 / step A13.11 / pseudocode line 239
1314	Algorithm A13 / step A13.11 / pseudocode line 239
1315	Algorithm A13 / step A13.11 / pseudocode line 239
1316	Algorithm A13 / step A13.11 / pseudocode line 239
1317	Algorithm A13 / step A13.11 / pseudocode line 239
1318	Algorithm A13 / step A13.12 / pseudocode line 240
1319	Algorithm A13 / step A13.12 / pseudocode line 240
1320	Algorithm A13 / step A13.12 / pseudocode line 240
1321	Algorithm A13 / step A13.12 / pseudocode line 240
1322	Algorithm A13 / step A13.12 / pseudocode line 240
1323	Algorithm A13 / step A13.12 / pseudocode line 240
1324	Algorithm A13 / step A13.12 / pseudocode line 240
1325	Algorithm A13 / step A13.12 / pseudocode line 240
1326	Algorithm A13 / step A13.12 / pseudocode line 240
1327	Algorithm A13 / step A13.12 / pseudocode line 240
1328	Algorithm A13 / step A13.12 / pseudocode line 240
1329	Algorithm A13 / step A13.12 / pseudocode line 240
1330	Algorithm A13 / step A13.12 / pseudocode line 240
1331	Algorithm A13 / step A13.12 / pseudocode line 240
1332	Algorithm A13 / step A13.12 / pseudocode line 240
1333	Algorithm A13 / step A13.12 / pseudocode line 240
1334	Algorithm A13 / step A13.12 / pseudocode line 240
1335	Algorithm A13 / step A13.12 / pseudocode line 240
1336	Algorithm A13 / step A13.12 / pseudocode line 240
1337	Algorithm A13 / step A13.12 / pseudocode line 240
1338	Algorithm A13 / step A13.12 / pseudocode line 240
1339	Algorithm A13 / step A13.12 / pseudocode line 240
1340	Algorithm A13 / step A13.12 / pseudocode line 240
1341	Algorithm A13 / step A13.12 / pseudocode line 240
1342	Algorithm A13 / step A13.12 / pseudocode line 240
1343	Algorithm A13 / step A13.12 / pseudocode line 240
1344	Algorithm A13 / step A13.12 / pseudocode line 240
1345	Algorithm A13 / step A13.12 / pseudocode line 240
1346	Algorithm A13 / step A13.12 / pseudocode line 240
1347	Algorithm A13 / step A13.12 / pseudocode line 240
1348	Algorithm A13 / step A13.12 / pseudocode line 240
1349	Algorithm A13 / step A13.12 / pseudocode line 240
1350	Algorithm A13 / step A13.12 / pseudocode line 240
1351	Algorithm A13 / step A13.12 / pseudocode line 240
1352	Algorithm A13 / step A13.12 / pseudocode line 240
1353	Algorithm A13 / step A13.12 / pseudocode line 240
1354	Algorithm A13 / step A13.13 / pseudocode line 241
1355	Algorithm A13 / step A13.13 / pseudocode line 241
1356	Algorithm A13 / step A13.13 / pseudocode line 241
1357	Algorithm A13 / step A13.13 / pseudocode line 241
1358	Algorithm A13 / step A13.13 / pseudocode line 241
1359	Algorithm A13 / step A13.13 / pseudocode line 241
1360	Algorithm A13 / step A13.13 / pseudocode line 241
1361	Algorithm A13 / step A13.13 / pseudocode line 241
1362	Algorithm A13 / step A13.14 / pseudocode line 242
1363	Algorithm A13 / step A13.14 / pseudocode line 242
1364	Algorithm A13 / step A13.14 / pseudocode line 242
1365	Algorithm A13 / step A13.14 / pseudocode line 242
1366	Algorithm A13 / step A13.14 / pseudocode line 242
1367	Algorithm A13 / step A13.14 / pseudocode line 242
1368	Algorithm A13 / step A13.14 / pseudocode line 242
1369	Algorithm A13 / step A13.14 / pseudocode line 242
1370	Algorithm A13 / step A13.14 / pseudocode line 242
1371	Algorithm A13 / step A13.14 / pseudocode line 242
1372	Algorithm A13 / step A13.14 / pseudocode line 242
1373	Algorithm A13 / step A13.15 / pseudocode line 243
1374	Algorithm A13 / step A13.15 / pseudocode line 243
1375	Algorithm A13 / step A13.15 / pseudocode line 243
1376	Algorithm A13 / step A13.15 / pseudocode line 243
1377	Algorithm A13 / step A13.15 / pseudocode line 243
1378	Algorithm A13 / step A13.15 / pseudocode line 243
1379	Algorithm A13 / step A13.15 / pseudocode line 243
1380	Algorithm A13 / step A13.16 / pseudocode line 244
1381	Algorithm A13 / step A13.16 / pseudocode line 244
1382	Algorithm A13 / step A13.16 / pseudocode line 244
1383	Algorithm A13 / step A13.16 / pseudocode line 244
1384	Algorithm A13 / step A13.16 / pseudocode line 244
1385	Algorithm A13 / step A13.16 / pseudocode line 244
1386	Algorithm A13 / step A13.16 / pseudocode line 244
1387	Algorithm A13 / step A13.16 / pseudocode line 244
1388	Algorithm A13 / step A13.16 / pseudocode line 244
1389	Algorithm A13 / step A13.16 / pseudocode line 244
1390	Algorithm A13 / step A13.16 / pseudocode line 244
1391	Algorithm A13 / step A13.16 / pseudocode line 244
1392	Algorithm A13 / step A13.16 / pseudocode line 244
1393	Algorithm A13 / step A13.16 / pseudocode line 244
1394	Algorithm A13 / step A13.16 / pseudocode line 244
1395	Algorithm A13 / step A13.16 / pseudocode line 244
1396	Algorithm A13 / step A13.16 / pseudocode line 244
1397	Algorithm A13 / step A13.16 / pseudocode line 244
1398	Algorithm A13 / step A13.16 / pseudocode line 244
1399	Algorithm A13 / step A13.16 / pseudocode line 244
1400	Algorithm A13 / step A13.16 / pseudocode line 244
1401	Algorithm A13 / step A13.17 / pseudocode line 245
1402	Algorithm A13 / step A13.17 / pseudocode line 245
1403	Algorithm A13 / step A13.17 / pseudocode line 245
1404	Algorithm A13 / step A13.17 / pseudocode line 245
1405	Algorithm A13 / step A13.17 / pseudocode line 245
1406	Algorithm A13 / step A13.17 / pseudocode line 245
1407	Algorithm A13 / step A13.17 / pseudocode line 245
1408	Algorithm A13 / step A13.17 / pseudocode line 245
1409	Algorithm A13 / step A13.17 / pseudocode line 245
1410	Algorithm A13 / step A13.17 / pseudocode line 245
1411	Algorithm A13 / step A13.17 / pseudocode line 245
1412	Algorithm A13 / step A13.17 / pseudocode line 245
1413	Algorithm A13 / step A13.17 / pseudocode line 245
1414	Algorithm A13 / step A13.17 / pseudocode line 245
1415	Algorithm A13 / step A13.17 / pseudocode line 245
1416	Algorithm A13 / step A13.17 / pseudocode line 245
1417	Algorithm A13 / step A13.18 / pseudocode line 246
1418	Algorithm A13 / step A13.18 / pseudocode line 246
1419	Algorithm A13 / step A13.18 / pseudocode line 246
1420	Algorithm A13 / step A13.18 / pseudocode line 246
1421	Algorithm A13 / step A13.18 / pseudocode line 246
1422	Algorithm A13 / step A13.18 / pseudocode line 246
1423	Algorithm A13 / step A13.19 / pseudocode line 247
1424	Algorithm A13 / step A13.19 / pseudocode line 247
1425	Algorithm A13 / step A13.19 / pseudocode line 247
1426	Algorithm A13 / step A13.19 / pseudocode line 247
1427	Algorithm A13 / step A13.19 / pseudocode line 247
1428	Algorithm A13 / step A13.19 / pseudocode line 247
1429	Algorithm A13 / step A13.19 / pseudocode line 247
1430	Algorithm A13 / step A13.19 / pseudocode line 247
1431	Algorithm A13 / step A13.19 / pseudocode line 247
1432	Algorithm A13 / step A13.19 / pseudocode line 247
1433	Algorithm A13 / step A13.19 / pseudocode line 247
1434	Algorithm A13 / step A13.19 / pseudocode line 247
1435	Algorithm A13 / step A13.19 / pseudocode line 247
1436	Algorithm A13 / step A13.20 / pseudocode line 248
1437	Algorithm A13 / step A13.20 / pseudocode line 248
1438	Algorithm A13 / step A13.20 / pseudocode line 248
1439	Algorithm A13 / step A13.20 / pseudocode line 248
1440	Algorithm A13 / step A13.20 / pseudocode line 248
1441	Algorithm A13 / step A13.20 / pseudocode line 248
1442	Algorithm A13 / step A13.20 / pseudocode line 248
1443	Algorithm A13 / step A13.20 / pseudocode line 248
1444	Algorithm A13 / step A13.20 / pseudocode line 248
1445	Algorithm A13 / step A13.20 / pseudocode line 248
1446	Algorithm A13 / step A13.20 / pseudocode line 248
1447	Algorithm A13 / step A13.20 / pseudocode line 248
1448	Algorithm A13 / step A13.20 / pseudocode line 248
1449	Algorithm A13 / step A13.21 / pseudocode line 249
1450	Algorithm A13 / step A13.21 / pseudocode line 249
1451	Algorithm A13 / step A13.21 / pseudocode line 249
1452	Algorithm A13 / step A13.21 / pseudocode line 249
1453	Algorithm A13 / step A13.21 / pseudocode line 249
1454	Algorithm A13 / step A13.21 / pseudocode line 249
1455	Algorithm A13 / step A13.21 / pseudocode line 249
1456	Algorithm A13 / step A13.21 / pseudocode line 249
1457	Algorithm A13 / step A13.21 / pseudocode line 249
1458	Algorithm A13 / step A13.21 / pseudocode line 249
1459	Algorithm A13 / step A13.21 / pseudocode line 249
1460	Algorithm A13 / step A13.21 / pseudocode line 249
1461	Algorithm A13 / step A13.21 / pseudocode line 249
1462	Algorithm A13 / step A13.21 / pseudocode line 249
1463	Algorithm A13 / step A13.21 / pseudocode line 249
1464	Algorithm A13 / step A13.21 / pseudocode line 249
1465	Algorithm A13 / step A13.21 / pseudocode line 249
1466	Algorithm A13 / step A13.21 / pseudocode line 249
1467	Algorithm A13 / step A13.21 / pseudocode line 249
1468	Algorithm A13 / step A13.21 / pseudocode line 249
1469	Algorithm A13 / step A13.21 / pseudocode line 249
1470	Algorithm A13 / step A13.22 / pseudocode line 250
1471	Algorithm A13 / step A13.22 / pseudocode line 250
1472	Algorithm A13 / step A13.22 / pseudocode line 250
1473	Algorithm A13 / step A13.22 / pseudocode line 250
1474	Algorithm A13 / step A13.22 / pseudocode line 250
1475	Algorithm A13 / step A13.22 / pseudocode line 250
1476	Algorithm A13 / step A13.22 / pseudocode line 250
1477	Algorithm A13 / step A13.22 / pseudocode line 250
1478	Algorithm A13 / step A13.22 / pseudocode line 250
1479	Algorithm A13 / step A13.22 / pseudocode line 250
1480	Algorithm A13 / step A13.22 / pseudocode line 250
1481	Algorithm A13 / step A13.22 / pseudocode line 250
1482	Algorithm A13 / step A13.22 / pseudocode line 250
1483	Algorithm A13 / step A13.22 / pseudocode line 250
1484	Algorithm A13 / step A13.22 / pseudocode line 250
1485	Algorithm A13 / step A13.22 / pseudocode line 250
1486	Algorithm A13 / step A13.22 / pseudocode line 250
1487	Algorithm A13 / step A13.22 / pseudocode line 250
1488	Algorithm A13 / step A13.22 / pseudocode line 250
1489	Algorithm A13 / step A13.22 / pseudocode line 250
1490	Algorithm A13 / step A13.22 / pseudocode line 250
1491	Algorithm A13 / step A13.22 / pseudocode line 250
1492	Algorithm A13 / step A13.22 / pseudocode line 250
1493	Algorithm A13 / step A13.22 / pseudocode line 250
1494	Algorithm A13 / step A13.22 / pseudocode line 250
1495	Algorithm A13 / step A13.22 / pseudocode line 250
1496	Algorithm A13 / step A13.22 / pseudocode line 250
1497	Algorithm A13 / step A13.22 / pseudocode line 250
1498	Algorithm A13 / step A13.22 / pseudocode line 250
1499	Algorithm A13 / step A13.22 / pseudocode line 250
1500	Algorithm A14 / step A14.01 / pseudocode line 258
1501	Algorithm A14 / step A14.01 / pseudocode line 258
1502	Algorithm A14 / step A14.01 / pseudocode line 258
1503	Algorithm A14 / step A14.01 / pseudocode line 258
1504	Algorithm A14 / step A14.01 / pseudocode line 258
1505	Algorithm A14 / step A14.01 / pseudocode line 258
1506	Algorithm A14 / step A14.02 / pseudocode line 259
1507	Algorithm A14 / step A14.02 / pseudocode line 259
1508	Algorithm A14 / step A14.02 / pseudocode line 259
1509	Algorithm A14 / step A14.02 / pseudocode line 259
1510	Algorithm A14 / step A14.02 / pseudocode line 259
1511	Algorithm A14 / step A14.02 / pseudocode line 259
1512	Algorithm A14 / step A14.02 / pseudocode line 259
1513	Algorithm A14 / step A14.02 / pseudocode line 259
1514	Algorithm A14 / step A14.03 / pseudocode line 260
1515	Algorithm A14 / step A14.03 / pseudocode line 260
1516	Algorithm A14 / step A14.03 / pseudocode line 260
1517	Algorithm A14 / step A14.03 / pseudocode line 260
1518	Algorithm A14 / step A14.03 / pseudocode line 260
1519	Algorithm A14 / step A14.03 / pseudocode line 260
1520	Algorithm A14 / step A14.03 / pseudocode line 260
1521	Algorithm A14 / step A14.04 / pseudocode line 261
1522	Algorithm A14 / step A14.04 / pseudocode line 261
1523	Algorithm A14 / step A14.04 / pseudocode line 261
1524	Algorithm A14 / step A14.04 / pseudocode line 261
1525	Algorithm A14 / step A14.04 / pseudocode line 261
1526	Algorithm A14 / step A14.04 / pseudocode line 261
1527	Algorithm A14 / step A14.04 / pseudocode line 261
1528	Algorithm A14 / step A14.05 / pseudocode line 262
1529	Algorithm A14 / step A14.05 / pseudocode line 262
1530	Algorithm A14 / step A14.05 / pseudocode line 262
1531	Algorithm A14 / step A14.05 / pseudocode line 262
1532	Algorithm A14 / step A14.05 / pseudocode line 262
1533	Algorithm A14 / step A14.05 / pseudocode line 262
1534	Algorithm A14 / step A14.05 / pseudocode line 262
1535	Algorithm A14 / step A14.05 / pseudocode line 262
1536	Algorithm A14 / step A14.05 / pseudocode line 262
1537	Algorithm A14 / step A14.05 / pseudocode line 262
1538	Algorithm A14 / step A14.06 / pseudocode line 263
1539	Algorithm A14 / step A14.06 / pseudocode line 263
1540	Algorithm A14 / step A14.06 / pseudocode line 263
1541	Algorithm A14 / step A14.06 / pseudocode line 263
1542	Algorithm A14 / step A14.07 / pseudocode line 264
1543	Algorithm A14 / step A14.07 / pseudocode line 264
1544	Algorithm A14 / step A14.07 / pseudocode line 264
1545	Algorithm A14 / step A14.07 / pseudocode line 264
1546	Algorithm A14 / step A14.07 / pseudocode line 264
1547	Algorithm A14 / step A14.07 / pseudocode line 264
1548	Algorithm A14 / step A14.07 / pseudocode line 264
1549	Algorithm A14 / step A14.07 / pseudocode line 264
1550	Algorithm A14 / step A14.07 / pseudocode line 264
1551	Algorithm A14 / step A14.07 / pseudocode line 264
1552	Algorithm A14 / step A14.07 / pseudocode line 264
1553	Algorithm A14 / step A14.07 / pseudocode line 264
1554	Algorithm A14 / step A14.07 / pseudocode line 264
1555	Algorithm A14 / step A14.07 / pseudocode line 264
1556	Algorithm A14 / step A14.07 / pseudocode line 264
1557	Algorithm A14 / step A14.08 / pseudocode line 265
1558	Algorithm A14 / step A14.08 / pseudocode line 265
1559	Algorithm A14 / step A14.08 / pseudocode line 265
1560	Algorithm A14 / step A14.08 / pseudocode line 265
1561	Algorithm A14 / step A14.08 / pseudocode line 265
1562	Algorithm A14 / step A14.08 / pseudocode line 265
1563	Algorithm A14 / step A14.08 / pseudocode line 265
1564	Algorithm A14 / step A14.08 / pseudocode line 265
1565	Algorithm A14 / step A14.08 / pseudocode line 265
1566	Algorithm A14 / step A14.08 / pseudocode line 265
1567	Algorithm A14 / step A14.08 / pseudocode line 265
1568	Algorithm A14 / step A14.08 / pseudocode line 265
1569	Algorithm A14 / step A14.08 / pseudocode line 265
1570	Algorithm A14 / step A14.08 / pseudocode line 265
1571	Algorithm A14 / step A14.09 / pseudocode line 266
1572	Algorithm A14 / step A14.09 / pseudocode line 266
1573	Algorithm A14 / step A14.09 / pseudocode line 266
1574	Algorithm A14 / step A14.09 / pseudocode line 266
1575	Algorithm A14 / step A14.09 / pseudocode line 266
1576	Algorithm A14 / step A14.10 / pseudocode line 267
1577	Algorithm A14 / step A14.10 / pseudocode line 267
1578	Algorithm A14 / step A14.10 / pseudocode line 267
1579	Algorithm A14 / step A14.10 / pseudocode line 267
1580	Algorithm A14 / step A14.10 / pseudocode line 267
1581	Algorithm A14 / step A14.10 / pseudocode line 267
1582	Algorithm A14 / step A14.10 / pseudocode line 267
1583	Algorithm A14 / step A14.10 / pseudocode line 267
1584	Algorithm A14 / step A14.10 / pseudocode line 267
1585	Algorithm A14 / step A14.10 / pseudocode line 267
1586	Algorithm A14 / step A14.10 / pseudocode line 267
1587	Algorithm A14 / step A14.10 / pseudocode line 267
1588	Algorithm A14 / step A14.10 / pseudocode line 267
1589	Algorithm A14 / step A14.10 / pseudocode line 267
1590	Algorithm A14 / step A14.10 / pseudocode line 267
1591	Algorithm A14 / step A14.11 / pseudocode line 268
1592	Algorithm A14 / step A14.11 / pseudocode line 268
1593	Algorithm A14 / step A14.11 / pseudocode line 268
1594	Algorithm A15 / step A15.01 / pseudocode line 276
1595	Algorithm A15 / step A15.01 / pseudocode line 276
1596	Algorithm A15 / step A15.01 / pseudocode line 276
1597	Algorithm A15 / step A15.01 / pseudocode line 276
1598	Algorithm A15 / step A15.01 / pseudocode line 276
1599	Algorithm A15 / step A15.01 / pseudocode line 276
1600	Algorithm A15 / step A15.01 / pseudocode line 276
1601	Algorithm A15 / step A15.01 / pseudocode line 276
1602	Algorithm A15 / step A15.01 / pseudocode line 276
1603	Algorithm A15 / step A15.01 / pseudocode line 276
1604	Algorithm A15 / step A15.01 / pseudocode line 276
1605	Algorithm A15 / step A15.01 / pseudocode line 276
1606	Algorithm A15 / step A15.01 / pseudocode line 276
1607	Algorithm A15 / step A15.02 / pseudocode line 277
1608	Algorithm A15 / step A15.02 / pseudocode line 277
1609	Algorithm A15 / step A15.02 / pseudocode line 277
1610	Algorithm A15 / step A15.02 / pseudocode line 277
1611	Algorithm A15 / step A15.02 / pseudocode line 277
1612	Algorithm A15 / step A15.02 / pseudocode line 277
1613	Algorithm A15 / step A15.02 / pseudocode line 277
1614	Algorithm A15 / step A15.03 / pseudocode line 278
1615	Algorithm A15 / step A15.03 / pseudocode line 278
1616	Algorithm A15 / step A15.03 / pseudocode line 278
1617	Algorithm A15 / step A15.03 / pseudocode line 278
1618	Algorithm A15 / step A15.03 / pseudocode line 278
1619	Algorithm A15 / step A15.03 / pseudocode line 278
1620	Algorithm A15 / step A15.03 / pseudocode line 278
1621	Algorithm A15 / step A15.03 / pseudocode line 278
1622	Algorithm A15 / step A15.03 / pseudocode line 278
1623	Algorithm A15 / step A15.03 / pseudocode line 278
1624	Algorithm A15 / step A15.03 / pseudocode line 278
1625	Algorithm A15 / step A15.03 / pseudocode line 278
1626	Algorithm A15 / step A15.03 / pseudocode line 278
1627	Algorithm A15 / step A15.03 / pseudocode line 278
1628	Algorithm A15 / step A15.03 / pseudocode line 278
1629	Algorithm A15 / step A15.03 / pseudocode line 278
1630	Algorithm A15 / step A15.03 / pseudocode line 278
1631	Algorithm A15 / step A15.03 / pseudocode line 278
1632	Algorithm A15 / step A15.03 / pseudocode line 278
1633	Algorithm A15 / step A15.03 / pseudocode line 278
1634	Algorithm A15 / step A15.04 / pseudocode line 279
1635	Algorithm A15 / step A15.04 / pseudocode line 279
1636	Algorithm A15 / step A15.04 / pseudocode line 279
1637	Algorithm A15 / step A15.04 / pseudocode line 279
1638	Algorithm A15 / step A15.04 / pseudocode line 279
1639	Algorithm A15 / step A15.04 / pseudocode line 279
1640	Algorithm A15 / step A15.04 / pseudocode line 279
1641	Algorithm A15 / step A15.04 / pseudocode line 279
1642	Algorithm A15 / step A15.04 / pseudocode line 279
1643	Algorithm A15 / step A15.04 / pseudocode line 279
1644	Algorithm A15 / step A15.04 / pseudocode line 279
1645	Algorithm A15 / step A15.04 / pseudocode line 279
1646	Algorithm A15 / step A15.04 / pseudocode line 279
1647	Algorithm A15 / step A15.04 / pseudocode line 279
1648	Algorithm A15 / step A15.04 / pseudocode line 279
1649	Algorithm A15 / step A15.04 / pseudocode line 279
1650	Algorithm A15 / step A15.04 / pseudocode line 279
1651	Algorithm A15 / step A15.04 / pseudocode line 279
1652	Algorithm A15 / step A15.05 / pseudocode line 280
1653	Algorithm A15 / step A15.05 / pseudocode line 280
1654	Algorithm A15 / step A15.05 / pseudocode line 280
1655	Algorithm A15 / step A15.05 / pseudocode line 280
1656	Algorithm A15 / step A15.05 / pseudocode line 280
1657	Algorithm A15 / step A15.05 / pseudocode line 280
1658	Algorithm A15 / step A15.05 / pseudocode line 280
1659	Algorithm A15 / step A15.05 / pseudocode line 280
1660	Algorithm A15 / step A15.05 / pseudocode line 280
1661	Algorithm A15 / step A15.05 / pseudocode line 280
1662	Algorithm A15 / step A15.05 / pseudocode line 280
1663	Algorithm A15 / step A15.06 / pseudocode line 281
1664	Algorithm A15 / step A15.06 / pseudocode line 281
1665	Algorithm A15 / step A15.06 / pseudocode line 281
1666	Algorithm A15 / step A15.06 / pseudocode line 281
1667	Algorithm A15 / step A15.06 / pseudocode line 281
1668	Algorithm A15 / step A15.06 / pseudocode line 281
1669	Algorithm A15 / step A15.07 / pseudocode line 282
1670	Algorithm A15 / step A15.07 / pseudocode line 282
1671	Algorithm A15 / step A15.07 / pseudocode line 282
1672	Algorithm A15 / step A15.07 / pseudocode line 282
1673	Algorithm A15 / step A15.07 / pseudocode line 282
1674	Algorithm A15 / step A15.07 / pseudocode line 282
1675	Algorithm A15 / step A15.07 / pseudocode line 282
1676	Algorithm A15 / step A15.07 / pseudocode line 282
1677	Algorithm A15 / step A15.07 / pseudocode line 282
1678	Algorithm A15 / step A15.07 / pseudocode line 282
1679	Algorithm A15 / step A15.07 / pseudocode line 282
1680	Algorithm A15 / step A15.07 / pseudocode line 282
1681	Algorithm A15 / step A15.07 / pseudocode line 282
1682	Algorithm A15 / step A15.07 / pseudocode line 282
1683	Algorithm A15 / step A15.08 / pseudocode line 283
1684	Algorithm A15 / step A15.08 / pseudocode line 283
1685	Algorithm A15 / step A15.08 / pseudocode line 283
1686	Algorithm A15 / step A15.08 / pseudocode line 283
1687	Algorithm A15 / step A15.08 / pseudocode line 283
1688	Algorithm A15 / step A15.08 / pseudocode line 283
1689	Algorithm A15 / step A15.08 / pseudocode line 283
1690	Algorithm A16 / step A16.01 / pseudocode line 291
1691	Algorithm A16 / step A16.01 / pseudocode line 291
1692	Algorithm A16 / step A16.01 / pseudocode line 291
1693	Algorithm A16 / step A16.01 / pseudocode line 291
1694	Algorithm A16 / step A16.01 / pseudocode line 291
1695	Algorithm A16 / step A16.01 / pseudocode line 291
1696	Algorithm A16 / step A16.01 / pseudocode line 291
1697	Algorithm A16 / step A16.01 / pseudocode line 291
1698	Algorithm A16 / step A16.01 / pseudocode line 291
1699	Algorithm A16 / step A16.01 / pseudocode line 291
1700	Algorithm A16 / step A16.01 / pseudocode line 291
1701	Algorithm A16 / step A16.01 / pseudocode line 291
1702	Algorithm A16 / step A16.01 / pseudocode line 291
1703	Algorithm A16 / step A16.01 / pseudocode line 291
1704	Algorithm A16 / step A16.02 / pseudocode line 292
1705	Algorithm A16 / step A16.02 / pseudocode line 292
1706	Algorithm A16 / step A16.02 / pseudocode line 292
1707	Algorithm A16 / step A16.02 / pseudocode line 292
1708	Algorithm A16 / step A16.02 / pseudocode line 292
1709	Algorithm A16 / step A16.02 / pseudocode line 292
1710	Algorithm A16 / step A16.02 / pseudocode line 292
1711	Algorithm A16 / step A16.02 / pseudocode line 292
1712	Algorithm A16 / step A16.02 / pseudocode line 292
1713	Algorithm A16 / step A16.02 / pseudocode line 292
1714	Algorithm A16 / step A16.02 / pseudocode line 292
1715	Algorithm A16 / step A16.02 / pseudocode line 292
1716	Algorithm A16 / step A16.03 / pseudocode line 293
1717	Algorithm A16 / step A16.03 / pseudocode line 293
1718	Algorithm A16 / step A16.03 / pseudocode line 293
1719	Algorithm A16 / step A16.03 / pseudocode line 293
1720	Algorithm A16 / step A16.03 / pseudocode line 293
1721	Algorithm A16 / step A16.04 / pseudocode line 294
1722	Algorithm A16 / step A16.04 / pseudocode line 294
1723	Algorithm A16 / step A16.04 / pseudocode line 294
1724	Algorithm A16 / step A16.04 / pseudocode line 294
1725	Algorithm A16 / step A16.04 / pseudocode line 294
1726	Algorithm A16 / step A16.04 / pseudocode line 294
1727	Algorithm A16 / step A16.04 / pseudocode line 294
1728	Algorithm A16 / step A16.04 / pseudocode line 294
1729	Algorithm A16 / step A16.04 / pseudocode line 294
1730	Algorithm A16 / step A16.04 / pseudocode line 294
1731	Algorithm A16 / step A16.04 / pseudocode line 294
1732	Algorithm A16 / step A16.04 / pseudocode line 294
1733	Algorithm A16 / step A16.04 / pseudocode line 294
1734	Algorithm A16 / step A16.04 / pseudocode line 294
1735	Algorithm A16 / step A16.04 / pseudocode line 294
1736	Algorithm A16 / step A16.04 / pseudocode line 294
1737	Algorithm A16 / step A16.04 / pseudocode line 294
1738	Algorithm A16 / step A16.04 / pseudocode line 294
1739	Algorithm A16 / step A16.05 / pseudocode line 295
1740	Algorithm A16 / step A16.05 / pseudocode line 295
1741	Algorithm A16 / step A16.05 / pseudocode line 295
1742	Algorithm A16 / step A16.05 / pseudocode line 295
1743	Algorithm A16 / step A16.05 / pseudocode line 295
1744	Algorithm A16 / step A16.05 / pseudocode line 295
1745	Algorithm A16 / step A16.05 / pseudocode line 295
1746	Algorithm A16 / step A16.05 / pseudocode line 295
1747	Algorithm A16 / step A16.05 / pseudocode line 295
1748	Algorithm A16 / step A16.05 / pseudocode line 295
1749	Algorithm A16 / step A16.05 / pseudocode line 295
1750	Algorithm A16 / step A16.05 / pseudocode line 295
1751	Algorithm A16 / step A16.05 / pseudocode line 295
1752	Algorithm A16 / step A16.05 / pseudocode line 295
1753	Algorithm A16 / step A16.05 / pseudocode line 295
1754	Algorithm A16 / step A16.05 / pseudocode line 295
1755	Algorithm A16 / step A16.05 / pseudocode line 295
1756	Algorithm A16 / step A16.05 / pseudocode line 295
1757	Algorithm A16 / step A16.05 / pseudocode line 295
1758	Algorithm A16 / step A16.05 / pseudocode line 295
1759	Algorithm A16 / step A16.05 / pseudocode line 295
1760	Algorithm A16 / step A16.05 / pseudocode line 295
1761	Algorithm A16 / step A16.05 / pseudocode line 295
1762	Algorithm A16 / step A16.05 / pseudocode line 295
1763	Algorithm A16 / step A16.06 / pseudocode line 296
1764	Algorithm A16 / step A16.06 / pseudocode line 296
1765	Algorithm A16 / step A16.06 / pseudocode line 296
1766	Algorithm A16 / step A16.06 / pseudocode line 296
1767	Algorithm A16 / step A16.06 / pseudocode line 296
1768	Algorithm A16 / step A16.06 / pseudocode line 296
1769	Algorithm A16 / step A16.06 / pseudocode line 296
1770	Algorithm A16 / step A16.06 / pseudocode line 296
1771	Algorithm A16 / step A16.06 / pseudocode line 296
1772	Algorithm A16 / step A16.06 / pseudocode line 296
1773	Algorithm A16 / step A16.06 / pseudocode line 296
1774	Algorithm A16 / step A16.06 / pseudocode line 296
1775	Algorithm A16 / step A16.06 / pseudocode line 296
1776	Algorithm A16 / step A16.06 / pseudocode line 296
1777	Algorithm A16 / step A16.06 / pseudocode line 296
1778	Algorithm A16 / step A16.06 / pseudocode line 296
1779	Algorithm A16 / step A16.06 / pseudocode line 296
1780	Algorithm A16 / step A16.06 / pseudocode line 296
1781	Algorithm A16 / step A16.06 / pseudocode line 296
1782	Algorithm A16 / step A16.06 / pseudocode line 296
1783	Algorithm A16 / step A16.06 / pseudocode line 296
1784	Algorithm A16 / step A16.07 / pseudocode line 297
1785	Algorithm A16 / step A16.07 / pseudocode line 297
1786	Algorithm A16 / step A16.07 / pseudocode line 297
1787	Algorithm A16 / step A16.07 / pseudocode line 297
1788	Algorithm A16 / step A16.07 / pseudocode line 297
1789	Algorithm A16 / step A16.07 / pseudocode line 297
1790	Algorithm A16 / step A16.08 / pseudocode line 298
1791	Algorithm A16 / step A16.08 / pseudocode line 298
1792	Algorithm A16 / step A16.08 / pseudocode line 298
1793	Algorithm A16 / step A16.08 / pseudocode line 298
1794	Algorithm A16 / step A16.08 / pseudocode line 298
1795	Algorithm A16 / step A16.08 / pseudocode line 298
1796	Algorithm A16 / step A16.08 / pseudocode line 298
1797	Algorithm A16 / step A16.08 / pseudocode line 298
1798	Algorithm A16 / step A16.08 / pseudocode line 298
1799	Algorithm A16 / step A16.08 / pseudocode line 298
1800	Algorithm A16 / step A16.08 / pseudocode line 298
1801	Algorithm A16 / step A16.08 / pseudocode line 298
1802	Algorithm A16 / step A16.09 / pseudocode line 299
1803	Algorithm A16 / step A16.09 / pseudocode line 299
1804	Algorithm A16 / step A16.09 / pseudocode line 299
1805	Algorithm A16 / step A16.09 / pseudocode line 299
1806	Algorithm A16 / step A16.09 / pseudocode line 299
1807	Algorithm A16 / step A16.09 / pseudocode line 299
1808	Algorithm A16 / step A16.09 / pseudocode line 299
1809	Algorithm A16 / step A16.10 / pseudocode line 300
1810	Algorithm A16 / step A16.10 / pseudocode line 300
1811	Algorithm A16 / step A16.10 / pseudocode line 300
1812	Algorithm A16 / step A16.10 / pseudocode line 300
1813	Algorithm A16 / step A16.10 / pseudocode line 300
1814	Algorithm A16 / step A16.10 / pseudocode line 300
1815	Algorithm A16 / step A16.10 / pseudocode line 300
1816	Algorithm A16 / step A16.10 / pseudocode line 300
1817	Algorithm A16 / step A16.10 / pseudocode line 300
1818	Algorithm A16 / step A16.10 / pseudocode line 300
1819	Algorithm A16 / step A16.10 / pseudocode line 300
1820	Algorithm A16 / step A16.10 / pseudocode line 300
1821	Algorithm A16 / step A16.10 / pseudocode line 300
1822	Algorithm A16 / step A16.10 / pseudocode line 300
1823	Algorithm A16 / step A16.10 / pseudocode line 300
1824	Algorithm A16 / step A16.10 / pseudocode line 300
1825	Algorithm A16 / step A16.10 / pseudocode line 300
1826	Algorithm A16 / step A16.10 / pseudocode line 300
1827	Algorithm A16 / step A16.10 / pseudocode line 300
1828	Algorithm A16 / step A16.10 / pseudocode line 300
1829	Algorithm A16 / step A16.10 / pseudocode line 300
1830	Algorithm A16 / step A16.10 / pseudocode line 300
1831	Algorithm A16 / step A16.10 / pseudocode line 300
1832	Algorithm A16 / step A16.10 / pseudocode line 300
1833	Algorithm A16 / step A16.11 / pseudocode line 301
1834	Algorithm A16 / step A16.11 / pseudocode line 301
1835	Algorithm A16 / step A16.11 / pseudocode line 301
1836	Algorithm A16 / step A16.11 / pseudocode line 301
1837	Algorithm A16 / step A16.11 / pseudocode line 301
1838	Algorithm A16 / step A16.11 / pseudocode line 301
1839	Algorithm A16 / step A16.11 / pseudocode line 301
1840	Algorithm A16 / step A16.11 / pseudocode line 301
1841	Algorithm A16 / step A16.11 / pseudocode line 301
1842	Algorithm A16 / step A16.11 / pseudocode line 301
1843	Algorithm A16 / step A16.11 / pseudocode line 301
1844	Algorithm A16 / step A16.11 / pseudocode line 301
1845	Algorithm A16 / step A16.11 / pseudocode line 301
1846	Algorithm A16 / step A16.11 / pseudocode line 301
1847	Algorithm A16 / step A16.11 / pseudocode line 301
1848	Algorithm A16 / step A16.12 / pseudocode line 302
1849	Algorithm A16 / step A16.12 / pseudocode line 302
1850	Algorithm A16 / step A16.12 / pseudocode line 302
1851	Algorithm A16 / step A16.12 / pseudocode line 302
1852	Algorithm A16 / step A16.12 / pseudocode line 302
1853	Algorithm A16 / step A16.12 / pseudocode line 302
1854	Algorithm A16 / step A16.12 / pseudocode line 302
1855	Algorithm A16 / step A16.12 / pseudocode line 302
1856	Algorithm A16 / step A16.12 / pseudocode line 302
1857	Algorithm A16 / step A16.12 / pseudocode line 302
1858	Algorithm A16 / step A16.13 / pseudocode line 303
1859	Algorithm A16 / step A16.13 / pseudocode line 303
1860	Algorithm A16 / step A16.13 / pseudocode line 303
1861	Algorithm A16 / step A16.13 / pseudocode line 303
1862	Algorithm A16 / step A16.13 / pseudocode line 303
1863	Algorithm A16 / step A16.13 / pseudocode line 303
1864	Algorithm A16 / step A16.13 / pseudocode line 303
1865	Algorithm A16 / step A16.13 / pseudocode line 303
1866	Algorithm A16 / step A16.13 / pseudocode line 303
1867	Algorithm A16 / step A16.13 / pseudocode line 303
1868	Algorithm A16 / step A16.13 / pseudocode line 303
1869	Algorithm A16 / step A16.14 / pseudocode line 304
1870	Algorithm A16 / step A16.14 / pseudocode line 304
1871	Algorithm A16 / step A16.14 / pseudocode line 304
1872	Algorithm A16 / step A16.14 / pseudocode line 304
1873	Algorithm A16 / step A16.14 / pseudocode line 304
1874	Algorithm A16 / step A16.14 / pseudocode line 304
1875	Algorithm A16 / step A16.14 / pseudocode line 304
1876	Algorithm A16 / step A16.14 / pseudocode line 304
1877	Algorithm A16 / step A16.14 / pseudocode line 304
1878	Algorithm A16 / step A16.15 / pseudocode line 305
1879	Algorithm A16 / step A16.15 / pseudocode line 305
1880	Algorithm A16 / step A16.15 / pseudocode line 305
1881	Algorithm A16 / step A16.15 / pseudocode line 305
1882	Algorithm A16 / step A16.15 / pseudocode line 305
1883	Algorithm A16 / step A16.15 / pseudocode line 305
1884	Algorithm A16 / step A16.15 / pseudocode line 305
1885	Algorithm A16 / step A16.15 / pseudocode line 305
1886	Algorithm A16 / step A16.15 / pseudocode line 305
1887	Algorithm A16 / step A16.15 / pseudocode line 305
1888	Algorithm A16 / step A16.15 / pseudocode line 305
1889	Algorithm A16 / step A16.15 / pseudocode line 305
1890	Algorithm A16 / step A16.15 / pseudocode line 305
1891	Algorithm A16 / step A16.16 / pseudocode line 306
1892	Algorithm A16 / step A16.16 / pseudocode line 306
1893	Algorithm A16 / step A16.16 / pseudocode line 306
1894	Algorithm A16 / step A16.16 / pseudocode line 306
1895	Algorithm A16 / step A16.16 / pseudocode line 306
1896	Algorithm A16 / step A16.16 / pseudocode line 306
1897	Algorithm A16 / step A16.16 / pseudocode line 306
1898	Algorithm A16 / step A16.16 / pseudocode line 306
1899	Algorithm A16 / step A16.16 / pseudocode line 306
1900	Algorithm A16 / step A16.16 / pseudocode line 306
1901	Algorithm A16 / step A16.16 / pseudocode line 306
1902	Algorithm A16 / step A16.16 / pseudocode line 306
1903	Algorithm A16 / step A16.16 / pseudocode line 306
1904	Algorithm A16 / step A16.16 / pseudocode line 306
1905	Algorithm A16 / step A16.16 / pseudocode line 306
1906	Algorithm A16 / step A16.16 / pseudocode line 306
1907	Algorithm A16 / step A16.16 / pseudocode line 306
1908	Algorithm A16 / step A16.17 / pseudocode line 307
1909	Algorithm A16 / step A16.17 / pseudocode line 307
1910	Algorithm A16 / step A16.17 / pseudocode line 307
1911	Algorithm A16 / step A16.17 / pseudocode line 307
1912	Algorithm A16 / step A16.17 / pseudocode line 307
1913	Algorithm A16 / step A16.17 / pseudocode line 307
1914	Algorithm A16 / step A16.17 / pseudocode line 307
1915	Algorithm A16 / step A16.17 / pseudocode line 307
1916	Algorithm A16 / step A16.17 / pseudocode line 307
1917	Algorithm A16 / step A16.17 / pseudocode line 307
1918	Algorithm A16 / step A16.17 / pseudocode line 307
1919	Algorithm A16 / step A16.17 / pseudocode line 307
1920	Algorithm A16 / step A16.17 / pseudocode line 307
1921	Algorithm A16 / step A16.17 / pseudocode line 307
1922	Algorithm A16 / step A16.17 / pseudocode line 307
1923	Algorithm A16 / step A16.17 / pseudocode line 307
1924	Algorithm A16 / step A16.17 / pseudocode line 307
1925	Algorithm A16 / step A16.17 / pseudocode line 307
1926	Algorithm A16 / step A16.17 / pseudocode line 307
1927	Algorithm A16 / step A16.17 / pseudocode line 307
1928	Algorithm A16 / step A16.17 / pseudocode line 307
1929	Algorithm A16 / step A16.17 / pseudocode line 307
1930	Algorithm A16 / step A16.17 / pseudocode line 307
1931	Algorithm A16 / step A16.17 / pseudocode line 307
1932	Algorithm A16 / step A16.17 / pseudocode line 307
1933	Algorithm A16 / step A16.17 / pseudocode line 307
1934	Algorithm A16 / step A16.17 / pseudocode line 307
1935	Algorithm A16 / step A16.17 / pseudocode line 307
1936	Algorithm A16 / step A16.17 / pseudocode line 307
1937	Algorithm A16 / step A16.17 / pseudocode line 307
1938	Algorithm A16 / step A16.17 / pseudocode line 307
1939	Algorithm A16 / step A16.17 / pseudocode line 307
1940	Algorithm A16 / step A16.17 / pseudocode line 307
1941	Algorithm A16 / step A16.17 / pseudocode line 307
1942	Algorithm A16 / step A16.17 / pseudocode line 307
1943	Algorithm A16 / step A16.18 / pseudocode line 308
1944	Algorithm A16 / step A16.18 / pseudocode line 308
1945	Algorithm A16 / step A16.18 / pseudocode line 308
1946	Algorithm A16 / step A16.18 / pseudocode line 308
1947	Algorithm A16 / step A16.18 / pseudocode line 308
1948	Algorithm A16 / step A16.18 / pseudocode line 308
1949	Algorithm A16 / step A16.18 / pseudocode line 308
1950	Algorithm A16 / step A16.18 / pseudocode line 308
1951	Algorithm A16 / step A16.18 / pseudocode line 308
1952	Algorithm A16 / step A16.18 / pseudocode line 308
1953	Algorithm A16 / step A16.18 / pseudocode line 308
1954	Algorithm A16 / step A16.18 / pseudocode line 308
1955	Algorithm A16 / step A16.18 / pseudocode line 308
1956	Algorithm A17 / step A17.01 / pseudocode line 316
1957	Algorithm A17 / step A17.01 / pseudocode line 316
1958	Algorithm A17 / step A17.01 / pseudocode line 316
1959	Algorithm A17 / step A17.01 / pseudocode line 316
1960	Algorithm A17 / step A17.01 / pseudocode line 316
1961	Algorithm A17 / step A17.01 / pseudocode line 316
1962	Algorithm A17 / step A17.01 / pseudocode line 316
1963	Algorithm A17 / step A17.01 / pseudocode line 316
1964	Algorithm A17 / step A17.01 / pseudocode line 316
1965	Algorithm A17 / step A17.02 / pseudocode line 317
1966	Algorithm A17 / step A17.02 / pseudocode line 317
1967	Algorithm A17 / step A17.02 / pseudocode line 317
1968	Algorithm A17 / step A17.02 / pseudocode line 317
1969	Algorithm A17 / step A17.02 / pseudocode line 317
1970	Algorithm A17 / step A17.02 / pseudocode line 317
1971	Algorithm A17 / step A17.02 / pseudocode line 317
1972	Algorithm A17 / step A17.02 / pseudocode line 317
1973	Algorithm A17 / step A17.02 / pseudocode line 317
1974	Algorithm A17 / step A17.02 / pseudocode line 317
1975	Algorithm A17 / step A17.02 / pseudocode line 317
1976	Algorithm A17 / step A17.02 / pseudocode line 317
1977	Algorithm A17 / step A17.02 / pseudocode line 317
1978	Algorithm A17 / step A17.02 / pseudocode line 317
1979	Algorithm A17 / step A17.02 / pseudocode line 317
1980	Algorithm A17 / step A17.03 / pseudocode line 318
1981	Algorithm A17 / step A17.03 / pseudocode line 318
1982	Algorithm A17 / step A17.03 / pseudocode line 318
1983	Algorithm A17 / step A17.03 / pseudocode line 318
1984	Algorithm A17 / step A17.04 / pseudocode line 319
1985	Algorithm A17 / step A17.04 / pseudocode line 319
1986	Algorithm A17 / step A17.04 / pseudocode line 319
1987	Algorithm A17 / step A17.04 / pseudocode line 319
1988	Algorithm A17 / step A17.04 / pseudocode line 319
1989	Algorithm A17 / step A17.04 / pseudocode line 319
1990	Algorithm A17 / step A17.04 / pseudocode line 319
1991	Algorithm A17 / step A17.04 / pseudocode line 319
1992	Algorithm A17 / step A17.04 / pseudocode line 319
1993	Algorithm A17 / step A17.05 / pseudocode line 320
1994	Algorithm A17 / step A17.05 / pseudocode line 320
1995	Algorithm A17 / step A17.05 / pseudocode line 320
1996	Algorithm A17 / step A17.06 / pseudocode line 321
1997	Algorithm A17 / step A17.06 / pseudocode line 321
1998	Algorithm A17 / step A17.06 / pseudocode line 321
1999	Algorithm A17 / step A17.06 / pseudocode line 321
2000	Algorithm A17 / step A17.06 / pseudocode line 321
2001	Algorithm A17 / step A17.06 / pseudocode line 321
2002	Algorithm A17 / step A17.07 / pseudocode line 322
2003	Algorithm A17 / step A17.07 / pseudocode line 322
2004	Algorithm A17 / step A17.07 / pseudocode line 322
2005	Algorithm A17 / step A17.07 / pseudocode line 322
2006	Algorithm A17 / step A17.07 / pseudocode line 322
2007	Algorithm A17 / step A17.07 / pseudocode line 322
2008	Algorithm A17 / step A17.07 / pseudocode line 322
2009	Algorithm A17 / step A17.07 / pseudocode line 322
2010	Algorithm A17 / step A17.07 / pseudocode line 322
2011	Algorithm A17 / step A17.07 / pseudocode line 322
2012	Algorithm A17 / step A17.07 / pseudocode line 322
2013	Algorithm A17 / step A17.08 / pseudocode line 323
2014	Algorithm A17 / step A17.08 / pseudocode line 323
2015	Algorithm A17 / step A17.08 / pseudocode line 323
2016	Algorithm A17 / step A17.08 / pseudocode line 323
2017	Algorithm A17 / step A17.08 / pseudocode line 323
2018	Algorithm A17 / step A17.08 / pseudocode line 323
2019	Algorithm A17 / step A17.08 / pseudocode line 323
2020	Algorithm A17 / step A17.08 / pseudocode line 323
2021	Algorithm A17 / step A17.09 / pseudocode line 324
2022	Algorithm A17 / step A17.09 / pseudocode line 324
2023	Algorithm A17 / step A17.09 / pseudocode line 324
2024	Algorithm A17 / step A17.09 / pseudocode line 324
2025	Algorithm A17 / step A17.09 / pseudocode line 324
2026	Algorithm A17 / step A17.09 / pseudocode line 324
2027	Algorithm A17 / step A17.09 / pseudocode line 324
2028	Algorithm A17 / step A17.09 / pseudocode line 324
2029	Algorithm A17 / step A17.09 / pseudocode line 324
2030	Algorithm A17 / step A17.09 / pseudocode line 324
2031	Algorithm A17 / step A17.09 / pseudocode line 324
2032	Algorithm A17 / step A17.10 / pseudocode line 325
2033	Algorithm A17 / step A17.10 / pseudocode line 325
2034	Algorithm A17 / step A17.10 / pseudocode line 325
2035	Algorithm A17 / step A17.10 / pseudocode line 325
2036	Algorithm A17 / step A17.10 / pseudocode line 325
2037	Algorithm A17 / step A17.10 / pseudocode line 325
2038	Algorithm A17 / step A17.10 / pseudocode line 325
2039	Algorithm A17 / step A17.10 / pseudocode line 325
2040	Algorithm A17 / step A17.10 / pseudocode line 325
2041	Algorithm A17 / step A17.10 / pseudocode line 325
2042	Algorithm A17 / step A17.10 / pseudocode line 325
2043	Algorithm A17 / step A17.10 / pseudocode line 325
2044	Algorithm A17 / step A17.10 / pseudocode line 325
2045	Algorithm A17 / step A17.10 / pseudocode line 325
2046	Algorithm A17 / step A17.10 / pseudocode line 325
2047	Algorithm A17 / step A17.10 / pseudocode line 325
2048	Algorithm A17 / step A17.10 / pseudocode line 325
2049	Algorithm A17 / step A17.10 / pseudocode line 325
2050	Algorithm A17 / step A17.11 / pseudocode line 326
2051	Algorithm A17 / step A17.11 / pseudocode line 326
2052	Algorithm A17 / step A17.11 / pseudocode line 326
2053	Algorithm A17 / step A17.11 / pseudocode line 326
2054	Algorithm A17 / step A17.11 / pseudocode line 326
2055	Algorithm A17 / step A17.11 / pseudocode line 326
2056	Algorithm A17 / step A17.11 / pseudocode line 326
2057	Algorithm A17 / step A17.11 / pseudocode line 326
2058	Algorithm A17 / step A17.11 / pseudocode line 326
2059	Algorithm A17 / step A17.11 / pseudocode line 326
2060	Algorithm A17 / step A17.11 / pseudocode line 326
2061	Algorithm A17 / step A17.12 / pseudocode line 327
2062	Algorithm A17 / step A17.12 / pseudocode line 327
2063	Algorithm A17 / step A17.12 / pseudocode line 327
2064	Algorithm A17 / step A17.12 / pseudocode line 327
2065	Algorithm A17 / step A17.12 / pseudocode line 327
2066	Algorithm A17 / step A17.12 / pseudocode line 327
2067	Algorithm A17 / step A17.12 / pseudocode line 327
2068	Algorithm A17 / step A17.12 / pseudocode line 327
2069	Algorithm A17 / step A17.12 / pseudocode line 327
2070	Algorithm A17 / step A17.12 / pseudocode line 327
2071	Algorithm A17 / step A17.12 / pseudocode line 327
2072	Algorithm A17 / step A17.12 / pseudocode line 327
2073	Algorithm A17 / step A17.12 / pseudocode line 327
2074	Algorithm A17 / step A17.12 / pseudocode line 327
2075	Algorithm A17 / step A17.12 / pseudocode line 327
2076	Algorithm A17 / step A17.13 / pseudocode line 328
2077	Algorithm A17 / step A17.13 / pseudocode line 328
2078	Algorithm A17 / step A17.14 / pseudocode line 329
2079	Algorithm A17 / step A17.14 / pseudocode line 329
2080	Algorithm A17 / step A17.14 / pseudocode line 329
2081	Algorithm A17 / step A17.14 / pseudocode line 329
2082	Algorithm A17 / step A17.14 / pseudocode line 329
2083	Algorithm A17 / step A17.14 / pseudocode line 329
2084	Algorithm A17 / step A17.14 / pseudocode line 329
2085	Algorithm A17 / step A17.14 / pseudocode line 329
2086	Algorithm A17 / step A17.14 / pseudocode line 329
2087	Algorithm A17 / step A17.15 / pseudocode line 330
2088	Algorithm A17 / step A17.15 / pseudocode line 330
2089	Algorithm A17 / step A17.15 / pseudocode line 330
2090	Algorithm A17 / step A17.15 / pseudocode line 330
2091	Algorithm A17 / step A17.15 / pseudocode line 330
2092	Algorithm A17 / step A17.15 / pseudocode line 330
2093	Algorithm A17 / step A17.15 / pseudocode line 330
2094	Algorithm A17 / step A17.15 / pseudocode line 330
2095	Algorithm A17 / step A17.15 / pseudocode line 330
2096	Algorithm A17 / step A17.15 / pseudocode line 330
2097	Algorithm A17 / step A17.15 / pseudocode line 330
2098	Algorithm A17 / step A17.16 / pseudocode line 331
2099	Algorithm A17 / step A17.16 / pseudocode line 331
2100	Algorithm A17 / step A17.16 / pseudocode line 331
2101	Algorithm A17 / step A17.16 / pseudocode line 331
2102	Algorithm A17 / step A17.16 / pseudocode line 331
2103	Algorithm A17 / step A17.16 / pseudocode line 331
2104	Algorithm A17 / step A17.16 / pseudocode line 331
2105	Algorithm A17 / step A17.17 / pseudocode line 332
2106	Algorithm A17 / step A17.17 / pseudocode line 332
2107	Algorithm A17 / step A17.17 / pseudocode line 332
2108	Algorithm A17 / step A17.17 / pseudocode line 332
2109	Algorithm A17 / step A17.17 / pseudocode line 332
2110	Algorithm A17 / step A17.17 / pseudocode line 332
2111	Algorithm A17 / step A17.17 / pseudocode line 332
2112	Algorithm A17 / step A17.17 / pseudocode line 332
2113	Algorithm A17 / step A17.17 / pseudocode line 332
2114	Algorithm A17 / step A17.17 / pseudocode line 332
2115	Algorithm A17 / step A17.17 / pseudocode line 332
2116	Algorithm A17 / step A17.17 / pseudocode line 332
2117	Algorithm A17 / step A17.17 / pseudocode line 332
2118	Algorithm A17 / step A17.17 / pseudocode line 332
2119	Algorithm A17 / step A17.17 / pseudocode line 332
2120	Algorithm A17 / step A17.17 / pseudocode line 332
2121	Algorithm A17 / step A17.17 / pseudocode line 332
2122	Algorithm A17 / step A17.17 / pseudocode line 332
2123	Algorithm A17 / step A17.17 / pseudocode line 332
2124	Algorithm A17 / step A17.17 / pseudocode line 332
2125	Algorithm A17 / step A17.17 / pseudocode line 332
2126	Algorithm A17 / step A17.17 / pseudocode line 332
2127	Algorithm A17 / step A17.17 / pseudocode line 332
2128	Algorithm A17 / step A17.17 / pseudocode line 332
2129	Algorithm A17 / step A17.17 / pseudocode line 332
2130	Algorithm A17 / step A17.18 / pseudocode line 333
2131	Algorithm A17 / step A17.18 / pseudocode line 333
2132	Algorithm A17 / step A17.18 / pseudocode line 333
2133	Algorithm A17 / step A17.18 / pseudocode line 333
2134	Algorithm A17 / step A17.18 / pseudocode line 333
2135	Algorithm A17 / step A17.18 / pseudocode line 333
2136	Algorithm A17 / step A17.18 / pseudocode line 333
2137	Algorithm A17 / step A17.18 / pseudocode line 333
2138	Algorithm A17 / step A17.19 / pseudocode line 334
2139	Algorithm A17 / step A17.19 / pseudocode line 334
2140	Algorithm A17 / step A17.19 / pseudocode line 334
2141	Algorithm A17 / step A17.19 / pseudocode line 334
2142	Algorithm A17 / step A17.19 / pseudocode line 334
2143	Algorithm A17 / step A17.19 / pseudocode line 334
2144	Algorithm A17 / step A17.19 / pseudocode line 334
2145	Algorithm A17 / step A17.19 / pseudocode line 334
2146	Algorithm A17 / step A17.19 / pseudocode line 334
2147	Algorithm A17 / step A17.19 / pseudocode line 334
2148	Algorithm A17 / step A17.19 / pseudocode line 334
2149	Algorithm A17 / step A17.19 / pseudocode line 334
